Date,Name / Description,Account,Counterparty,Code,Debit/credit,Amount (PLN),Transaction type,Notifications
2025-04-02,Real Estate Bemowo,PL45116022020000000478251704,Real Estate Bemowo,,D,3500.0,Rent,
2025-02-15,Company XYZ Salary,PL45116022020000000478251704,Company XYZ Salary,,C,8394.35,Salary,
2024-10-28,Real Estate Bemowo,PL45116022020000000478251704,Real Estate Bemowo,,D,3500.0,Rent,
2024-06-30,ZUS,PL45116022020000000478251704,ZUS,,D,467.53,Tax,
2024-07-04,Company XYZ Salary,PL45116022020000000478251704,Company XYZ Salary,,C,9735.71,Salary,
2024-07-04,Netflix,PL45116022020000000478251704,Netflix,,D,440.59,Entertainment,
2025-03-11,Żabka,PL45116022020000000478251704,Żabka,,D,592.78,Groceries,
2024-11-07,Company XYZ Salary,PL45116022020000000478251704,Company XYZ Salary,,C,7136.31,Salary,
2024-12-23,Bolt,PL45116022020000000478251704,Bolt,,D,67.41,Transport,
2024-07-18,ZTM Warsaw,PL45116022020000000478251704,ZTM Warsaw,,D,302.34,Transport,
2025-03-16,Żabka,PL45116022020000000478251704,Żabka,,D,351.31,Groceries,
2025-02-15,Real Estate Bemowo,PL45116022020000000478251704,Real Estate Bemowo,,D,3500.0,Rent,
2024-07-06,Żabka,PL45116022020000000478251704,Żabka,,D,148.42,Groceries,
2024-08-07,ZTM Warsaw,PL45116022020000000478251704,ZTM Warsaw,,D,100.66,Transport,
2025-04-03,KFC,PL45116022020000000478251704,KFC,,D,77.83,Dining,
2024-07-05,Euronet ATM,PL45116022020000000478251704,Euronet ATM,,D,200.0,ATM Withdrawl,
2025-04-13,Company XYZ Salary,PL45116022020000000478251704,Company XYZ Salary,,C,11411.08,Salary,
2024-08-22,PKO BP Branch,PL45116022020000000478251704,PKO BP Branch,,C,2004.69,Cash Deposit,
2025-02-04,Company XYZ Salary,PL45116022020000000478251704,Company XYZ Salary,,C,13856.03,Salary,
2024-12-07,ZTM Warsaw,PL45116022020000000478251704,ZTM Warsaw,,D,111.49,Transport,
2025-01-22,Żabka,PL45116022020000000478251704,Żabka,,D,497.86,Groceries,
2025-03-28,Lidl,PL45116022020000000478251704,Lidl,,D,508.4,Groceries,
2025-05-29,KFC,PL45116022020000000478251704,KFC,,D,429.69,Dining,
2025-05-07,Euronet ATM,PL45116022020000000478251704,Euronet ATM,,D,200.0,ATM Withdrawl,
2024-10-12,Veolia,PL45116022020000000478251704,Veolia,,D,209.2,Utilities,
2024-08-11,Veolia,PL45116022020000000478251704,Veolia,,D,512.61,Utilities,
2025-06-08,Company XYZ Salary,PL45116022020000000478251704,Company XYZ Salary,,C,12596.08,Salary,
2025-06-07,McDonald's,PL45116022020000000478251704,McDonald's,,D,461.56,Dining,
2025-05-06,US Bemowo,PL45116022020000000478251704,US Bemowo,,D,53.85,Tax,
2024-12-29,Uber,PL45116022020000000478251704,Uber,,D,135.89,Transport,
2025-03-16,Euronet ATM,PL45116022020000000478251704,Euronet ATM,,D,200.0,ATM Withdrawl,
2024-10-31,Euronet ATM,PL45116022020000000478251704,Euronet ATM,,D,300.0,ATM Withdrawl,
2024-08-28,PKP Intercity,PL45116022020000000478251704,PKP Intercity,,D,546.15,Transport,
2024-10-30,Real Estate Bemowo,PL45116022020000000478251704,Real Estate Bemowo,,D,3500.0,Rent,
2025-06-04,Uber,PL45116022020000000478251704,Uber,,D,93.89,Transport,
2024-08-24,Spotify,PL45116022020000000478251704,Spotify,,D,115.37,Entertainment,
2024-07-09,Real Estate Bemowo,PL45116022020000000478251704,Real Estate Bemowo,,D,3500.0,Rent,
2024-09-25,PKO BP ATM,PL45116022020000000478251704,PKO BP ATM,,D,300.0,ATM Withdrawl,
2024-12-29,Company XYZ Salary,PL45116022020000000478251704,Company XYZ Salary,,C,11006.0,Salary,
2024-07-03,US Bemowo,PL45116022020000000478251704,US Bemowo,,D,551.41,Tax,
2025-03-31,Żabka,PL45116022020000000478251704,Żabka,,D,386.52,Groceries,
2025-05-06,PGNiG,PL45116022020000000478251704,PGNiG,,D,447.88,Utilities,
2024-07-17,Żabka,PL45116022020000000478251704,Żabka,,D,55.49,Groceries,
2024-11-05,Compensa,PL45116022020000000478251704,Compensa,,D,184.58,Insurance,
2024-08-03,Veolia,PL45116022020000000478251704,Veolia,,D,479.88,Utilities,
2024-07-30,Lidl,PL45116022020000000478251704,Lidl,,D,530.17,Groceries,
2025-03-20,Company XYZ Salary,PL45116022020000000478251704,Company XYZ Salary,,C,14566.5,Salary,
2025-03-06,Company XYZ Salary,PL45116022020000000478251704,Company XYZ Salary,,C,5870.43,Salary,
2024-08-15,Biedronka,PL45116022020000000478251704,Biedronka,,D,207.68,Groceries,
2025-06-03,Compensa,PL45116022020000000478251704,Compensa,,D,392.58,Insurance,
2024-11-06,Company XYZ Salary,PL45116022020000000478251704,Company XYZ Salary,,C,14604.72,Salary,
2025-02-22,Veolia,PL45116022020000000478251704,Veolia,,D,170.04,Utilities,
2024-08-31,Company XYZ Salary,PL45116022020000000478251704,Company XYZ Salary,,C,10426.54,Salary,
2025-02-20,Company XYZ Salary,PL45116022020000000478251704,Company XYZ Salary,,C,6731.75,Salary,
2024-12-31,Warta,PL45116022020000000478251704,Warta,,D,108.45,Insurance,
2025-05-20,Spotify,PL45116022020000000478251704,Spotify,,D,45.94,Entertainment,
2025-03-14,PZU,PL45116022020000000478251704,PZU,,D,480.62,Insurance,
2024-08-11,Allegro.pl,PL45116022020000000478251704,Allegro.pl,,D,370.89,Entertainment,
2024-08-04,Real Estate Bemowo,PL45116022020000000478251704,Real Estate Bemowo,,D,3500.0,Rent,
2025-06-02,Warta,PL45116022020000000478251704,Warta,,D,511.34,Insurance,
2025-01-17,PGNiG,PL45116022020000000478251704,PGNiG,,D,147.31,Utilities,
2025-04-05,Veolia,PL45116022020000000478251704,Veolia,,D,239.83,Utilities,
2024-08-19,Company XYZ Salary,PL45116022020000000478251704,Company XYZ Salary,,C,12965.56,Salary,
2025-05-26,PKP Intercity,PL45116022020000000478251704,PKP Intercity,,D,323.93,Transport,
2025-06-17,Real Estate Bemowo,PL45116022020000000478251704,Real Estate Bemowo,,D,3500.0,Rent,
2024-09-12,Żabka,PL45116022020000000478251704,Żabka,,D,305.92,Groceries,
2024-11-02,UPC,PL45116022020000000478251704,UPC,,D,513.05,Utilities,
2025-06-01,Real Estate Bemowo,PL45116022020000000478251704,Real Estate Bemowo,,D,3500.0,Rent,
2025-02-01,Veolia,PL45116022020000000478251704,Veolia,,D,313.49,Utilities,
2024-08-21,Veolia,PL45116022020000000478251704,Veolia,,D,104.56,Utilities,
2025-01-28,Allegro.pl,PL45116022020000000478251704,Allegro.pl,,D,408.64,Entertainment,
2024-11-12,Real Estate Bemowo,PL45116022020000000478251704,Real Estate Bemowo,,D,3500.0,Rent,
2025-03-04,McDonald's,PL45116022020000000478251704,McDonald's,,D,459.68,Dining,
2024-11-22,ZTM Warsaw,PL45116022020000000478251704,ZTM Warsaw,,D,388.24,Transport,
2025-03-06,McDonald's,PL45116022020000000478251704,McDonald's,,D,505.05,Dining,
2024-08-09,Biedronka,PL45116022020000000478251704,Biedronka,,D,370.02,Groceries,
2024-08-29,Local Bistro,PL45116022020000000478251704,Local Bistro,,D,495.1,Dining,
2025-01-09,PKO BP ATM,PL45116022020000000478251704,PKO BP ATM,,D,500.0,ATM Withdrawl,
2025-06-22,Allegro.pl,PL45116022020000000478251704,Allegro.pl,,D,96.43,Entertainment,
2025-02-08,PKP Intercity,PL45116022020000000478251704,PKP Intercity,,D,184.23,Transport,
2024-12-13,ING Branch,PL45116022020000000478251704,ING Branch,,C,1549.47,Cash Deposit,
2024-08-08,Company XYZ Salary,PL45116022020000000478251704,Company XYZ Salary,,C,15378.9,Salary,
2024-09-14,Bolt,PL45116022020000000478251704,Bolt,,D,527.72,Transport,
2024-12-17,US Bemowo,PL45116022020000000478251704,US Bemowo,,D,574.73,Tax,
2025-02-21,Compensa,PL45116022020000000478251704,Compensa,,D,372.37,Insurance,
2024-10-25,Company XYZ Salary,PL45116022020000000478251704,Company XYZ Salary,,C,5808.13,Salary,
2024-09-22,Bolt,PL45116022020000000478251704,Bolt,,D,479.74,Transport,
2024-08-26,Company XYZ Salary,PL45116022020000000478251704,Company XYZ Salary,,C,6132.36,Salary,
2024-08-12,Real Estate Bemowo,PL45116022020000000478251704,Real Estate Bemowo,,D,3500.0,Rent,
2024-10-21,Real Estate Bemowo,PL45116022020000000478251704,Real Estate Bemowo,,D,3500.0,Rent,
2024-09-18,Company XYZ Salary,PL45116022020000000478251704,Company XYZ Salary,,C,5709.53,Salary,
2025-05-24,KFC,PL45116022020000000478251704,KFC,,D,168.18,Dining,
2024-07-10,PKO BP ATM,PL45116022020000000478251704,PKO BP ATM,,D,300.0,ATM Withdrawl,
2024-09-16,Lidl,PL45116022020000000478251704,Lidl,,D,433.53,Groceries,
2024-12-21,Euronet ATM,PL45116022020000000478251704,Euronet ATM,,D,300.0,ATM Withdrawl,
2025-05-12,Company XYZ Salary,PL45116022020000000478251704,Company XYZ Salary,,C,14581.92,Salary,
2024-08-28,Company XYZ Salary,PL45116022020000000478251704,Company XYZ Salary,,C,12376.55,Salary,
2024-08-22,Netia,PL45116022020000000478251704,Netia,,D,525.28,Utilities,
2024-09-20,US Bemowo,PL45116022020000000478251704,US Bemowo,,D,268.47,Tax,
2024-07-12,PKP Intercity,PL45116022020000000478251704,PKP Intercity,,D,422.52,Transport,
2024-10-20,Company XYZ Salary,PL45116022020000000478251704,Company XYZ Salary,,C,15724.69,Salary,
2025-01-31,Company XYZ Salary,PL45116022020000000478251704,Company XYZ Salary,,C,15475.22,Salary,
2025-02-03,Biedronka,PL45116022020000000478251704,Biedronka,,D,169.46,Groceries,
2024-11-17,Lidl,PL45116022020000000478251704,Lidl,,D,65.88,Groceries,
2024-08-30,Żabka,PL45116022020000000478251704,Żabka,,D,501.0,Groceries,
2025-04-23,Żabka,PL45116022020000000478251704,Żabka,,D,482.17,Groceries,
2025-04-01,Lidl,PL45116022020000000478251704,Lidl,,D,201.98,Groceries,
2025-01-16,Żabka,PL45116022020000000478251704,Żabka,,D,279.26,Groceries,
2025-05-04,Real Estate Bemowo,PL45116022020000000478251704,Real Estate Bemowo,,D,3500.0,Rent,
2024-08-11,PKO BP Branch,PL45116022020000000478251704,PKO BP Branch,,C,1561.33,Cash Deposit,
2025-04-13,ING Branch,PL45116022020000000478251704,ING Branch,,C,1025.33,Cash Deposit,
2024-07-23,UPC,PL45116022020000000478251704,UPC,,D,531.0,Utilities,
2024-10-29,UPC,PL45116022020000000478251704,UPC,,D,157.97,Utilities,
2024-07-16,Biedronka,PL45116022020000000478251704,Biedronka,,D,473.91,Groceries,
2024-08-05,Local Bistro,PL45116022020000000478251704,Local Bistro,,D,46.35,Dining,
2025-02-01,Bolt,PL45116022020000000478251704,Bolt,,D,253.78,Transport,
2024-10-25,Real Estate Bemowo,PL45116022020000000478251704,Real Estate Bemowo,,D,3500.0,Rent,
2025-01-10,Biedronka,PL45116022020000000478251704,Biedronka,,D,68.58,Groceries,
2025-04-18,UPC,PL45116022020000000478251704,UPC,,D,468.84,Utilities,
2024-08-19,Company XYZ Salary,PL45116022020000000478251704,Company XYZ Salary,,C,8190.83,Salary,
2024-10-21,Bolt,PL45116022020000000478251704,Bolt,,D,393.03,Transport,
2025-04-06,PGNiG,PL45116022020000000478251704,PGNiG,,D,163.51,Utilities,
2025-02-14,Company XYZ Salary,PL45116022020000000478251704,Company XYZ Salary,,C,5275.88,Salary,
2025-04-11,Uber,PL45116022020000000478251704,Uber,,D,279.93,Transport,
2025-05-17,Real Estate Bemowo,PL45116022020000000478251704,Real Estate Bemowo,,D,3500.0,Rent,
2024-10-02,ZTM Warsaw,PL45116022020000000478251704,ZTM Warsaw,,D,295.97,Transport,
2025-04-06,Veolia,PL45116022020000000478251704,Veolia,,D,454.81,Utilities,
2024-11-30,Lidl,PL45116022020000000478251704,Lidl,,D,379.66,Groceries,
2025-06-26,Company XYZ Salary,PL45116022020000000478251704,Company XYZ Salary,,C,12269.61,Salary,
2024-09-01,ZTM Warsaw,PL45116022020000000478251704,ZTM Warsaw,,D,249.96,Transport,
2024-12-16,Netia,PL45116022020000000478251704,Netia,,D,388.2,Utilities,
2024-08-05,Biedronka,PL45116022020000000478251704,Biedronka,,D,548.62,Groceries,
2025-05-08,Compensa,PL45116022020000000478251704,Compensa,,D,573.66,Insurance,
2024-10-23,UPC,PL45116022020000000478251704,UPC,,D,421.96,Utilities,
2025-04-05,Netflix,PL45116022020000000478251704,Netflix,,D,182.08,Entertainment,
2024-09-13,Żabka,PL45116022020000000478251704,Żabka,,D,236.75,Groceries,
2024-10-02,Pizza Hut,PL45116022020000000478251704,Pizza Hut,,D,333.06,Dining,
2024-12-23,Warta,PL45116022020000000478251704,Warta,,D,200.73,Insurance,
2024-07-26,Żabka,PL45116022020000000478251704,Żabka,,D,67.74,Groceries,
2024-11-08,Company XYZ Salary,PL45116022020000000478251704,Company XYZ Salary,,C,10320.83,Salary,
2024-08-23,Real Estate Bemowo,PL45116022020000000478251704,Real Estate Bemowo,,D,3500.0,Rent,
2025-01-29,PZU,PL45116022020000000478251704,PZU,,D,260.39,Insurance,
2025-01-16,Company XYZ Salary,PL45116022020000000478251704,Company XYZ Salary,,C,13347.23,Salary,
2025-03-19,PGNiG,PL45116022020000000478251704,PGNiG,,D,462.54,Utilities,
2024-08-26,Company XYZ Salary,PL45116022020000000478251704,Company XYZ Salary,,C,13571.45,Salary,
2025-01-30,KFC,PL45116022020000000478251704,KFC,,D,202.97,Dining,
2024-10-17,Lidl,PL45116022020000000478251704,Lidl,,D,587.59,Groceries,
2025-05-03,Pizza Hut,PL45116022020000000478251704,Pizza Hut,,D,63.3,Dining,
2025-03-31,Pizza Hut,PL45116022020000000478251704,Pizza Hut,,D,353.83,Dining,
2025-05-04,Empik,PL45116022020000000478251704,Empik,,D,440.63,Entertainment,
2025-03-24,PZU,PL45116022020000000478251704,PZU,,D,538.43,Insurance,
2025-05-03,ZUS,PL45116022020000000478251704,ZUS,,D,201.79,Tax,
2024-11-03,Local Bistro,PL45116022020000000478251704,Local Bistro,,D,287.62,Dining,
2025-01-28,Żabka,PL45116022020000000478251704,Żabka,,D,386.2,Groceries,
2025-01-21,Spotify,PL45116022020000000478251704,Spotify,,D,165.98,Entertainment,
2025-04-18,PKP Intercity,PL45116022020000000478251704,PKP Intercity,,D,249.42,Transport,
2024-07-28,KFC,PL45116022020000000478251704,KFC,,D,145.62,Dining,
2024-11-30,Żabka,PL45116022020000000478251704,Żabka,,D,345.31,Groceries,
2024-11-01,Company XYZ Salary,PL45116022020000000478251704,Company XYZ Salary,,C,7951.46,Salary,
2025-02-19,Local Bistro,PL45116022020000000478251704,Local Bistro,,D,231.38,Dining,
2025-06-04,Company XYZ Salary,PL45116022020000000478251704,Company XYZ Salary,,C,7283.2,Salary,
2025-06-03,Uber,PL45116022020000000478251704,Uber,,D,246.94,Transport,
2024-10-04,Pizza Hut,PL45116022020000000478251704,Pizza Hut,,D,156.53,Dining,
2025-04-08,PKP Intercity,PL45116022020000000478251704,PKP Intercity,,D,125.79,Transport,
2024-08-14,Biedronka,PL45116022020000000478251704,Biedronka,,D,30.36,Groceries,
2025-01-15,ING Branch,PL45116022020000000478251704,ING Branch,,C,542.7,Cash Deposit,
2024-12-01,ING Branch,PL45116022020000000478251704,ING Branch,,C,1813.31,Cash Deposit,
2024-07-16,Company XYZ Salary,PL45116022020000000478251704,Company XYZ Salary,,C,14229.38,Salary,
2025-05-05,Company XYZ Salary,PL45116022020000000478251704,Company XYZ Salary,,C,5730.45,Salary,
2025-04-16,Pizza Hut,PL45116022020000000478251704,Pizza Hut,,D,380.42,Dining,
2025-01-16,Lidl,PL45116022020000000478251704,Lidl,,D,272.9,Groceries,
2024-09-16,Bolt,PL45116022020000000478251704,Bolt,,D,326.8,Transport,
2024-12-19,Veolia,PL45116022020000000478251704,Veolia,,D,164.14,Utilities,
2024-08-15,Real Estate Bemowo,PL45116022020000000478251704,Real Estate Bemowo,,D,3500.0,Rent,
2025-05-08,Real Estate Bemowo,PL45116022020000000478251704,Real Estate Bemowo,,D,3500.0,Rent,
2025-05-13,Company XYZ Salary,PL45116022020000000478251704,Company XYZ Salary,,C,5221.52,Salary,
2025-06-19,Local Bistro,PL45116022020000000478251704,Local Bistro,,D,168.88,Dining,
2024-07-01,Biedronka,PL45116022020000000478251704,Biedronka,,D,234.94,Groceries,
2024-08-06,Bolt,PL45116022020000000478251704,Bolt,,D,95.64,Transport,
2025-03-02,Biedronka,PL45116022020000000478251704,Biedronka,,D,407.77,Groceries,
2024-11-16,Spotify,PL45116022020000000478251704,Spotify,,D,377.8,Entertainment,
2025-05-21,Real Estate Bemowo,PL45116022020000000478251704,Real Estate Bemowo,,D,3500.0,Rent,
2025-03-15,Lidl,PL45116022020000000478251704,Lidl,,D,46.38,Groceries,
2024-11-22,Veolia,PL45116022020000000478251704,Veolia,,D,196.94,Utilities,
2025-04-16,Allegro.pl,PL45116022020000000478251704,Allegro.pl,,D,204.92,Entertainment,
2025-05-20,Local Bistro,PL45116022020000000478251704,Local Bistro,,D,594.72,Dining,
2024-11-22,Pizza Hut,PL45116022020000000478251704,Pizza Hut,,D,510.25,Dining,
2025-02-20,Empik,PL45116022020000000478251704,Empik,,D,84.71,Entertainment,
2024-10-11,Żabka,PL45116022020000000478251704,Żabka,,D,371.15,Groceries,
2024-08-26,Lidl,PL45116022020000000478251704,Lidl,,D,571.45,Groceries,
2025-06-25,Veolia,PL45116022020000000478251704,Veolia,,D,215.91,Utilities,
2025-02-15,UPC,PL45116022020000000478251704,UPC,,D,378.35,Utilities,
2024-11-16,PKP Intercity,PL45116022020000000478251704,PKP Intercity,,D,128.51,Transport,
2025-02-22,Spotify,PL45116022020000000478251704,Spotify,,D,537.0,Entertainment,
2024-07-23,McDonald's,PL45116022020000000478251704,McDonald's,,D,277.41,Dining,
2025-04-26,Żabka,PL45116022020000000478251704,Żabka,,D,466.87,Groceries,
2024-07-17,KFC,PL45116022020000000478251704,KFC,,D,400.34,Dining,
2025-06-20,PZU,PL45116022020000000478251704,PZU,,D,223.69,Insurance,
2025-01-11,Uber,PL45116022020000000478251704,Uber,,D,95.93,Transport,
2024-08-18,Biedronka,PL45116022020000000478251704,Biedronka,,D,243.18,Groceries,
2024-08-16,Pizza Hut,PL45116022020000000478251704,Pizza Hut,,D,496.64,Dining,
2024-07-10,Company XYZ Salary,PL45116022020000000478251704,Company XYZ Salary,,C,10316.91,Salary,
2025-06-18,Real Estate Bemowo,PL45116022020000000478251704,Real Estate Bemowo,,D,3500.0,Rent,
2025-01-11,KFC,PL45116022020000000478251704,KFC,,D,459.67,Dining,
2024-10-21,Żabka,PL45116022020000000478251704,Żabka,,D,579.43,Groceries,
2025-01-20,Warta,PL45116022020000000478251704,Warta,,D,527.71,Insurance,
2024-09-08,Company XYZ Salary,PL45116022020000000478251704,Company XYZ Salary,,C,15080.67,Salary,
2024-09-25,Żabka,PL45116022020000000478251704,Żabka,,D,243.51,Groceries,
2025-06-14,Company XYZ Salary,PL45116022020000000478251704,Company XYZ Salary,,C,10103.66,Salary,
2024-11-03,PKP Intercity,PL45116022020000000478251704,PKP Intercity,,D,317.46,Transport,
2024-06-27,UPC,PL45116022020000000478251704,UPC,,D,133.91,Utilities,
2025-05-15,PKP Intercity,PL45116022020000000478251704,PKP Intercity,,D,130.07,Transport,
2024-09-26,Veolia,PL45116022020000000478251704,Veolia,,D,593.02,Utilities,
2024-11-30,Company XYZ Salary,PL45116022020000000478251704,Company XYZ Salary,,C,5175.01,Salary,
2025-01-07,KFC,PL45116022020000000478251704,KFC,,D,73.83,Dining,
2024-08-13,Pizza Hut,PL45116022020000000478251704,Pizza Hut,,D,398.43,Dining,
2025-01-07,ZUS,PL45116022020000000478251704,ZUS,,D,417.24,Tax,
2025-02-20,Compensa,PL45116022020000000478251704,Compensa,,D,253.03,Insurance,
2024-11-15,US Bemowo,PL45116022020000000478251704,US Bemowo,,D,490.71,Tax,
2025-03-14,Empik,PL45116022020000000478251704,Empik,,D,203.4,Entertainment,
2025-05-30,McDonald's,PL45116022020000000478251704,McDonald's,,D,369.03,Dining,
2025-03-24,Żabka,PL45116022020000000478251704,Żabka,,D,145.39,Groceries,
2025-01-13,Company XYZ Salary,PL45116022020000000478251704,Company XYZ Salary,,C,9911.32,Salary,
2025-05-05,Company XYZ Salary,PL45116022020000000478251704,Company XYZ Salary,,C,12101.59,Salary,
2024-10-23,Netia,PL45116022020000000478251704,Netia,,D,461.01,Utilities,
2024-09-25,PKO BP Branch,PL45116022020000000478251704,PKO BP Branch,,C,1419.45,Cash Deposit,
2025-06-07,Real Estate Bemowo,PL45116022020000000478251704,Real Estate Bemowo,,D,3500.0,Rent,
2025-05-15,Allegro.pl,PL45116022020000000478251704,Allegro.pl,,D,491.21,Entertainment,
2024-10-16,Company XYZ Salary,PL45116022020000000478251704,Company XYZ Salary,,C,9776.88,Salary,
2025-03-23,Company XYZ Salary,PL45116022020000000478251704,Company XYZ Salary,,C,11111.76,Salary,
2025-01-06,Żabka,PL45116022020000000478251704,Żabka,,D,477.64,Groceries,
2025-01-24,Allegro.pl,PL45116022020000000478251704,Allegro.pl,,D,536.96,Entertainment,
2025-06-02,KFC,PL45116022020000000478251704,KFC,,D,337.72,Dining,
2024-07-12,McDonald's,PL45116022020000000478251704,McDonald's,,D,324.46,Dining,
2024-09-17,Company XYZ Salary,PL45116022020000000478251704,Company XYZ Salary,,C,13825.55,Salary,
2025-04-26,KFC,PL45116022020000000478251704,KFC,,D,313.06,Dining,
2024-11-27,Spotify,PL45116022020000000478251704,Spotify,,D,382.99,Entertainment,
2025-04-02,Veolia,PL45116022020000000478251704,Veolia,,D,260.58,Utilities,
2025-06-04,Company XYZ Salary,PL45116022020000000478251704,Company XYZ Salary,,C,12209.34,Salary,
2024-12-20,Real Estate Bemowo,PL45116022020000000478251704,Real Estate Bemowo,,D,3500.0,Rent,
2025-01-07,ZTM Warsaw,PL45116022020000000478251704,ZTM Warsaw,,D,120.07,Transport,
2024-12-22,Lidl,PL45116022020000000478251704,Lidl,,D,138.79,Groceries,
2024-11-22,PKP Intercity,PL45116022020000000478251704,PKP Intercity,,D,78.36,Transport,
2025-04-12,Local Bistro,PL45116022020000000478251704,Local Bistro,,D,441.55,Dining,
2025-05-18,ZTM Warsaw,PL45116022020000000478251704,ZTM Warsaw,,D,377.36,Transport,
2025-05-17,Bolt,PL45116022020000000478251704,Bolt,,D,505.39,Transport,
2024-10-14,Company XYZ Salary,PL45116022020000000478251704,Company XYZ Salary,,C,11876.05,Salary,
2024-11-07,McDonald's,PL45116022020000000478251704,McDonald's,,D,30.03,Dining,
2024-08-28,Biedronka,PL45116022020000000478251704,Biedronka,,D,346.88,Groceries,
2024-12-05,Real Estate Bemowo,PL45116022020000000478251704,Real Estate Bemowo,,D,3500.0,Rent,
2024-12-25,Netflix,PL45116022020000000478251704,Netflix,,D,307.97,Entertainment,
2024-08-23,Company XYZ Salary,PL45116022020000000478251704,Company XYZ Salary,,C,12226.64,Salary,
2024-10-23,Company XYZ Salary,PL45116022020000000478251704,Company XYZ Salary,,C,14454.68,Salary,
2024-07-28,Compensa,PL45116022020000000478251704,Compensa,,D,150.55,Insurance,
2024-11-07,Company XYZ Salary,PL45116022020000000478251704,Company XYZ Salary,,C,9572.94,Salary,
2025-03-06,PGNiG,PL45116022020000000478251704,PGNiG,,D,169.12,Utilities,
2025-05-03,Lidl,PL45116022020000000478251704,Lidl,,D,196.32,Groceries,
2024-11-15,Company XYZ Salary,PL45116022020000000478251704,Company XYZ Salary,,C,5809.03,Salary,
2024-06-28,McDonald's,PL45116022020000000478251704,McDonald's,,D,272.89,Dining,
2025-06-01,Pizza Hut,PL45116022020000000478251704,Pizza Hut,,D,428.89,Dining,
2025-04-18,ZTM Warsaw,PL45116022020000000478251704,ZTM Warsaw,,D,275.57,Transport,
2025-05-04,Lidl,PL45116022020000000478251704,Lidl,,D,122.87,Groceries,
2024-11-28,McDonald's,PL45116022020000000478251704,McDonald's,,D,578.44,Dining,
2024-10-31,Żabka,PL45116022020000000478251704,Żabka,,D,89.59,Groceries,
2025-01-13,PKO BP ATM,PL45116022020000000478251704,PKO BP ATM,,D,500.0,ATM Withdrawl,
2024-12-14,Bolt,PL45116022020000000478251704,Bolt,,D,360.14,Transport,
2024-11-21,Żabka,PL45116022020000000478251704,Żabka,,D,168.16,Groceries,
2025-04-16,Biedronka,PL45116022020000000478251704,Biedronka,,D,348.22,Groceries,
2025-06-23,Euronet ATM,PL45116022020000000478251704,Euronet ATM,,D,300.0,ATM Withdrawl,
2024-11-07,Company XYZ Salary,PL45116022020000000478251704,Company XYZ Salary,,C,6520.63,Salary,
2025-05-08,Warta,PL45116022020000000478251704,Warta,,D,47.29,Insurance,
2025-01-11,ZTM Warsaw,PL45116022020000000478251704,ZTM Warsaw,,D,416.25,Transport,
2025-03-12,Real Estate Bemowo,PL45116022020000000478251704,Real Estate Bemowo,,D,3500.0,Rent,
2025-01-31,Allegro.pl,PL45116022020000000478251704,Allegro.pl,,D,340.78,Entertainment,
2024-08-04,Bolt,PL45116022020000000478251704,Bolt,,D,243.23,Transport,
2024-09-20,PKP Intercity,PL45116022020000000478251704,PKP Intercity,,D,115.77,Transport,
2024-10-19,Biedronka,PL45116022020000000478251704,Biedronka,,D,481.05,Groceries,
2025-06-24,ZTM Warsaw,PL45116022020000000478251704,ZTM Warsaw,,D,96.58,Transport,
2024-10-09,Company XYZ Salary,PL45116022020000000478251704,Company XYZ Salary,,C,14064.41,Salary,
2024-09-30,Netia,PL45116022020000000478251704,Netia,,D,565.56,Utilities,
2024-11-30,Veolia,PL45116022020000000478251704,Veolia,,D,72.07,Utilities,
2024-11-21,Company XYZ Salary,PL45116022020000000478251704,Company XYZ Salary,,C,15232.72,Salary,
2024-10-28,Biedronka,PL45116022020000000478251704,Biedronka,,D,133.09,Groceries,
2024-10-16,Lidl,PL45116022020000000478251704,Lidl,,D,214.68,Groceries,
2025-06-08,Euronet ATM,PL45116022020000000478251704,Euronet ATM,,D,500.0,ATM Withdrawl,
2025-01-11,Lidl,PL45116022020000000478251704,Lidl,,D,156.03,Groceries,
2025-03-08,Company XYZ Salary,PL45116022020000000478251704,Company XYZ Salary,,C,7010.96,Salary,
2024-07-19,McDonald's,PL45116022020000000478251704,McDonald's,,D,454.14,Dining,
2025-04-05,PKO BP Branch,PL45116022020000000478251704,PKO BP Branch,,C,1062.39,Cash Deposit,
2024-09-11,Żabka,PL45116022020000000478251704,Żabka,,D,468.4,Groceries,
2025-06-04,Allegro.pl,PL45116022020000000478251704,Allegro.pl,,D,437.39,Entertainment,
2024-11-02,Spotify,PL45116022020000000478251704,Spotify,,D,542.46,Entertainment,
2025-03-12,PZU,PL45116022020000000478251704,PZU,,D,596.69,Insurance,
2025-06-25,Company XYZ Salary,PL45116022020000000478251704,Company XYZ Salary,,C,12234.66,Salary,
2025-01-01,Company XYZ Salary,PL45116022020000000478251704,Company XYZ Salary,,C,8328.7,Salary,
2025-04-27,Żabka,PL45116022020000000478251704,Żabka,,D,124.28,Groceries,
2024-07-22,UPC,PL45116022020000000478251704,UPC,,D,300.23,Utilities,
2024-08-17,Company XYZ Salary,PL45116022020000000478251704,Company XYZ Salary,,C,11656.33,Salary,
2024-10-29,Real Estate Bemowo,PL45116022020000000478251704,Real Estate Bemowo,,D,3500.0,Rent,
2025-02-22,Company XYZ Salary,PL45116022020000000478251704,Company XYZ Salary,,C,8085.63,Salary,
2025-02-04,Żabka,PL45116022020000000478251704,Żabka,,D,550.33,Groceries,
2025-01-12,Żabka,PL45116022020000000478251704,Żabka,,D,82.03,Groceries,
2024-07-20,Żabka,PL45116022020000000478251704,Żabka,,D,268.64,Groceries,
2025-06-21,Żabka,PL45116022020000000478251704,Żabka,,D,382.2,Groceries,
2024-06-29,Uber,PL45116022020000000478251704,Uber,,D,451.7,Transport,
2025-05-29,PKO BP ATM,PL45116022020000000478251704,PKO BP ATM,,D,500.0,ATM Withdrawl,
2025-04-17,Company XYZ Salary,PL45116022020000000478251704,Company XYZ Salary,,C,8651.34,Salary,
2024-09-24,Company XYZ Salary,PL45116022020000000478251704,Company XYZ Salary,,C,12189.42,Salary,
2024-07-16,Netia,PL45116022020000000478251704,Netia,,D,365.64,Utilities,
2024-11-30,Company XYZ Salary,PL45116022020000000478251704,Company XYZ Salary,,C,14572.59,Salary,
2025-01-03,PZU,PL45116022020000000478251704,PZU,,D,540.45,Insurance,
2024-10-30,Żabka,PL45116022020000000478251704,Żabka,,D,134.05,Groceries,
2025-03-16,Spotify,PL45116022020000000478251704,Spotify,,D,492.97,Entertainment,
2025-05-17,Bolt,PL45116022020000000478251704,Bolt,,D,195.77,Transport,
2024-08-29,Netia,PL45116022020000000478251704,Netia,,D,223.25,Utilities,
2024-08-10,PGNiG,PL45116022020000000478251704,PGNiG,,D,70.59,Utilities,
2024-10-22,McDonald's,PL45116022020000000478251704,McDonald's,,D,499.01,Dining,
2025-03-19,Bolt,PL45116022020000000478251704,Bolt,,D,181.91,Transport,
2025-01-06,McDonald's,PL45116022020000000478251704,McDonald's,,D,82.9,Dining,
2025-03-25,Company XYZ Salary,PL45116022020000000478251704,Company XYZ Salary,,C,12415.83,Salary,
2025-05-24,Żabka,PL45116022020000000478251704,Żabka,,D,461.81,Groceries,
2025-06-08,ZTM Warsaw,PL45116022020000000478251704,ZTM Warsaw,,D,552.56,Transport,
2024-10-15,Company XYZ Salary,PL45116022020000000478251704,Company XYZ Salary,,C,9182.32,Salary,
2025-06-04,ZTM Warsaw,PL45116022020000000478251704,ZTM Warsaw,,D,564.68,Transport,
2025-05-29,Żabka,PL45116022020000000478251704,Żabka,,D,380.75,Groceries,
2025-02-20,Company XYZ Salary,PL45116022020000000478251704,Company XYZ Salary,,C,10618.7,Salary,
2024-10-04,PKO BP ATM,PL45116022020000000478251704,PKO BP ATM,,D,200.0,ATM Withdrawl,
2024-07-19,Empik,PL45116022020000000478251704,Empik,,D,215.98,Entertainment,
2025-02-06,PZU,PL45116022020000000478251704,PZU,,D,353.03,Insurance,
2024-12-23,Empik,PL45116022020000000478251704,Empik,,D,223.89,Entertainment,
2025-04-27,McDonald's,PL45116022020000000478251704,McDonald's,,D,349.91,Dining,
2024-10-23,Real Estate Bemowo,PL45116022020000000478251704,Real Estate Bemowo,,D,3500.0,Rent,
2024-12-14,Warta,PL45116022020000000478251704,Warta,,D,272.41,Insurance,
2025-02-15,Lidl,PL45116022020000000478251704,Lidl,,D,137.71,Groceries,
2025-03-31,Uber,PL45116022020000000478251704,Uber,,D,586.39,Transport,
2024-07-19,Netia,PL45116022020000000478251704,Netia,,D,467.69,Utilities,
2024-08-29,Żabka,PL45116022020000000478251704,Żabka,,D,246.15,Groceries,
2025-05-23,PZU,PL45116022020000000478251704,PZU,,D,155.12,Insurance,
2025-03-16,Real Estate Bemowo,PL45116022020000000478251704,Real Estate Bemowo,,D,3500.0,Rent,
2024-11-29,ZUS,PL45116022020000000478251704,ZUS,,D,399.44,Tax,
2025-05-11,PGNiG,PL45116022020000000478251704,PGNiG,,D,472.33,Utilities,
2025-02-20,Żabka,PL45116022020000000478251704,Żabka,,D,382.78,Groceries,
2025-01-20,Spotify,PL45116022020000000478251704,Spotify,,D,111.74,Entertainment,
2025-06-02,Uber,PL45116022020000000478251704,Uber,,D,306.17,Transport,
2025-04-30,Local Bistro,PL45116022020000000478251704,Local Bistro,,D,412.26,Dining,
2024-10-06,Local Bistro,PL45116022020000000478251704,Local Bistro,,D,279.77,Dining,
2024-08-04,US Bemowo,PL45116022020000000478251704,US Bemowo,,D,377.77,Tax,
2025-01-30,Veolia,PL45116022020000000478251704,Veolia,,D,363.47,Utilities,
2025-02-12,Compensa,PL45116022020000000478251704,Compensa,,D,344.0,Insurance,
2025-04-25,Biedronka,PL45116022020000000478251704,Biedronka,,D,94.14,Groceries,
2025-01-10,Pizza Hut,PL45116022020000000478251704,Pizza Hut,,D,327.12,Dining,
2024-11-13,Uber,PL45116022020000000478251704,Uber,,D,320.38,Transport,
2024-08-12,PGNiG,PL45116022020000000478251704,PGNiG,,D,215.27,Utilities,
2025-01-24,Bolt,PL45116022020000000478251704,Bolt,,D,383.2,Transport,
2024-07-05,KFC,PL45116022020000000478251704,KFC,,D,152.63,Dining,
2024-09-12,Żabka,PL45116022020000000478251704,Żabka,,D,338.88,Groceries,
2024-10-30,Netia,PL45116022020000000478251704,Netia,,D,439.36,Utilities,
2024-12-22,Compensa,PL45116022020000000478251704,Compensa,,D,539.93,Insurance,
2025-03-19,Bolt,PL45116022020000000478251704,Bolt,,D,311.41,Transport,
2025-03-22,Warta,PL45116022020000000478251704,Warta,,D,292.33,Insurance,
2024-08-18,Lidl,PL45116022020000000478251704,Lidl,,D,165.2,Groceries,
2024-09-23,KFC,PL45116022020000000478251704,KFC,,D,421.68,Dining,
2024-10-22,KFC,PL45116022020000000478251704,KFC,,D,599.1,Dining,
2025-02-25,Warta,PL45116022020000000478251704,Warta,,D,293.1,Insurance,
2025-03-11,PKO BP Branch,PL45116022020000000478251704,PKO BP Branch,,C,1821.53,Cash Deposit,
2025-05-06,UPC,PL45116022020000000478251704,UPC,,D,440.29,Utilities,
2025-01-06,Real Estate Bemowo,PL45116022020000000478251704,Real Estate Bemowo,,D,3500.0,Rent,
2025-01-15,Żabka,PL45116022020000000478251704,Żabka,,D,171.88,Groceries,
2025-04-06,Biedronka,PL45116022020000000478251704,Biedronka,,D,164.99,Groceries,
2024-09-26,UPC,PL45116022020000000478251704,UPC,,D,193.69,Utilities,
2025-03-06,Netflix,PL45116022020000000478251704,Netflix,,D,324.07,Entertainment,
2025-02-12,PGNiG,PL45116022020000000478251704,PGNiG,,D,78.75,Utilities,
2024-09-16,Company XYZ Salary,PL45116022020000000478251704,Company XYZ Salary,,C,10588.64,Salary,
2024-07-11,Real Estate Bemowo,PL45116022020000000478251704,Real Estate Bemowo,,D,3500.0,Rent,
2025-03-27,Biedronka,PL45116022020000000478251704,Biedronka,,D,76.39,Groceries,
2024-11-14,Company XYZ Salary,PL45116022020000000478251704,Company XYZ Salary,,C,6085.24,Salary,
2024-07-13,Lidl,PL45116022020000000478251704,Lidl,,D,81.66,Groceries,
2025-04-27,Biedronka,PL45116022020000000478251704,Biedronka,,D,158.22,Groceries,
2024-07-30,Company XYZ Salary,PL45116022020000000478251704,Company XYZ Salary,,C,9714.87,Salary,
2025-03-27,Warta,PL45116022020000000478251704,Warta,,D,228.96,Insurance,
2024-07-12,Uber,PL45116022020000000478251704,Uber,,D,394.86,Transport,
2025-02-17,Lidl,PL45116022020000000478251704,Lidl,,D,59.92,Groceries,
2024-07-07,Company XYZ Salary,PL45116022020000000478251704,Company XYZ Salary,,C,15954.69,Salary,
2025-05-30,Real Estate Bemowo,PL45116022020000000478251704,Real Estate Bemowo,,D,3500.0,Rent,
2025-03-05,PGNiG,PL45116022020000000478251704,PGNiG,,D,470.33,Utilities,
2025-03-25,PKP Intercity,PL45116022020000000478251704,PKP Intercity,,D,505.04,Transport,
2024-11-11,Bolt,PL45116022020000000478251704,Bolt,,D,588.67,Transport,
2024-09-21,ING Branch,PL45116022020000000478251704,ING Branch,,C,678.13,Cash Deposit,
2024-12-19,Empik,PL45116022020000000478251704,Empik,,D,169.49,Entertainment,
2025-02-11,PGNiG,PL45116022020000000478251704,PGNiG,,D,279.2,Utilities,
2024-07-12,Local Bistro,PL45116022020000000478251704,Local Bistro,,D,459.44,Dining,
2024-07-01,Biedronka,PL45116022020000000478251704,Biedronka,,D,553.93,Groceries,
2024-12-20,Company XYZ Salary,PL45116022020000000478251704,Company XYZ Salary,,C,14085.65,Salary,
2025-06-19,Biedronka,PL45116022020000000478251704,Biedronka,,D,191.59,Groceries,
2024-12-03,Spotify,PL45116022020000000478251704,Spotify,,D,309.34,Entertainment,
2025-02-28,Żabka,PL45116022020000000478251704,Żabka,,D,96.32,Groceries,
2025-04-29,Empik,PL45116022020000000478251704,Empik,,D,178.71,Entertainment,
2025-02-05,KFC,PL45116022020000000478251704,KFC,,D,432.96,Dining,
2025-02-08,PKP Intercity,PL45116022020000000478251704,PKP Intercity,,D,419.8,Transport,
2025-06-21,Uber,PL45116022020000000478251704,Uber,,D,88.5,Transport,
2025-03-16,Real Estate Bemowo,PL45116022020000000478251704,Real Estate Bemowo,,D,3500.0,Rent,
2024-08-05,Żabka,PL45116022020000000478251704,Żabka,,D,120.93,Groceries,
2024-09-20,ZUS,PL45116022020000000478251704,ZUS,,D,522.55,Tax,
2024-12-30,KFC,PL45116022020000000478251704,KFC,,D,372.83,Dining,
2025-06-02,KFC,PL45116022020000000478251704,KFC,,D,436.4,Dining,
2025-06-05,UPC,PL45116022020000000478251704,UPC,,D,150.16,Utilities,
2025-03-20,Euronet ATM,PL45116022020000000478251704,Euronet ATM,,D,200.0,ATM Withdrawl,
2025-03-06,Company XYZ Salary,PL45116022020000000478251704,Company XYZ Salary,,C,15432.26,Salary,
2024-07-02,US Bemowo,PL45116022020000000478251704,US Bemowo,,D,121.43,Tax,
2024-11-19,Warta,PL45116022020000000478251704,Warta,,D,135.32,Insurance,
2024-11-27,PGNiG,PL45116022020000000478251704,PGNiG,,D,435.85,Utilities,
2024-12-25,Warta,PL45116022020000000478251704,Warta,,D,73.12,Insurance,
2024-12-09,Żabka,PL45116022020000000478251704,Żabka,,D,497.92,Groceries,
2024-10-24,McDonald's,PL45116022020000000478251704,McDonald's,,D,104.35,Dining,
2025-02-22,Real Estate Bemowo,PL45116022020000000478251704,Real Estate Bemowo,,D,3500.0,Rent,
2024-12-07,Netia,PL45116022020000000478251704,Netia,,D,75.62,Utilities,
2025-04-16,Company XYZ Salary,PL45116022020000000478251704,Company XYZ Salary,,C,5240.24,Salary,
2025-03-12,Company XYZ Salary,PL45116022020000000478251704,Company XYZ Salary,,C,15645.64,Salary,
2024-12-23,Uber,PL45116022020000000478251704,Uber,,D,194.29,Transport,
2024-07-29,ZTM Warsaw,PL45116022020000000478251704,ZTM Warsaw,,D,122.11,Transport,
2025-05-05,PKP Intercity,PL45116022020000000478251704,PKP Intercity,,D,106.07,Transport,
2024-11-10,KFC,PL45116022020000000478251704,KFC,,D,131.82,Dining,
2024-12-13,Bolt,PL45116022020000000478251704,Bolt,,D,288.39,Transport,
2025-02-26,Lidl,PL45116022020000000478251704,Lidl,,D,498.65,Groceries,
2024-12-12,PKO BP ATM,PL45116022020000000478251704,PKO BP ATM,,D,200.0,ATM Withdrawl,
2024-09-26,KFC,PL45116022020000000478251704,KFC,,D,71.11,Dining,
2025-04-08,Netflix,PL45116022020000000478251704,Netflix,,D,118.52,Entertainment,
2025-03-08,Company XYZ Salary,PL45116022020000000478251704,Company XYZ Salary,,C,12441.1,Salary,
2025-02-22,Company XYZ Salary,PL45116022020000000478251704,Company XYZ Salary,,C,9145.21,Salary,
2025-06-14,Company XYZ Salary,PL45116022020000000478251704,Company XYZ Salary,,C,10153.41,Salary,
2024-08-03,Netflix,PL45116022020000000478251704,Netflix,,D,229.73,Entertainment,
2024-07-04,Bolt,PL45116022020000000478251704,Bolt,,D,426.92,Transport,
2025-04-29,ING Branch,PL45116022020000000478251704,ING Branch,,C,2421.4,Cash Deposit,
2025-05-19,Real Estate Bemowo,PL45116022020000000478251704,Real Estate Bemowo,,D,3500.0,Rent,
2025-04-26,Company XYZ Salary,PL45116022020000000478251704,Company XYZ Salary,,C,13474.71,Salary,
2025-05-11,Veolia,PL45116022020000000478251704,Veolia,,D,332.77,Utilities,
2025-01-08,US Bemowo,PL45116022020000000478251704,US Bemowo,,D,517.74,Tax,
2024-10-02,Company XYZ Salary,PL45116022020000000478251704,Company XYZ Salary,,C,14173.68,Salary,
2025-02-15,Company XYZ Salary,PL45116022020000000478251704,Company XYZ Salary,,C,8943.98,Salary,
2024-09-27,PKO BP Branch,PL45116022020000000478251704,PKO BP Branch,,C,733.44,Cash Deposit,
2025-03-07,Biedronka,PL45116022020000000478251704,Biedronka,,D,375.08,Groceries,
2024-09-29,Real Estate Bemowo,PL45116022020000000478251704,Real Estate Bemowo,,D,3500.0,Rent,
2025-01-05,Netia,PL45116022020000000478251704,Netia,,D,239.29,Utilities,
2024-07-10,Pizza Hut,PL45116022020000000478251704,Pizza Hut,,D,237.94,Dining,
2025-06-05,Allegro.pl,PL45116022020000000478251704,Allegro.pl,,D,597.7,Entertainment,
2024-11-29,Company XYZ Salary,PL45116022020000000478251704,Company XYZ Salary,,C,9177.42,Salary,
2025-06-05,Real Estate Bemowo,PL45116022020000000478251704,Real Estate Bemowo,,D,3500.0,Rent,
2024-08-11,Company XYZ Salary,PL45116022020000000478251704,Company XYZ Salary,,C,8173.95,Salary,
2025-01-13,McDonald's,PL45116022020000000478251704,McDonald's,,D,224.98,Dining,
2024-12-15,Real Estate Bemowo,PL45116022020000000478251704,Real Estate Bemowo,,D,3500.0,Rent,
2025-05-20,Company XYZ Salary,PL45116022020000000478251704,Company XYZ Salary,,C,14872.5,Salary,
2025-02-06,Real Estate Bemowo,PL45116022020000000478251704,Real Estate Bemowo,,D,3500.0,Rent,
2024-07-28,Company XYZ Salary,PL45116022020000000478251704,Company XYZ Salary,,C,8457.6,Salary,
2024-07-02,Company XYZ Salary,PL45116022020000000478251704,Company XYZ Salary,,C,7915.82,Salary,
2024-09-09,ZTM Warsaw,PL45116022020000000478251704,ZTM Warsaw,,D,322.7,Transport,
2024-10-04,Company XYZ Salary,PL45116022020000000478251704,Company XYZ Salary,,C,12575.1,Salary,
2025-04-19,US Bemowo,PL45116022020000000478251704,US Bemowo,,D,316.13,Tax,
2025-02-28,Veolia,PL45116022020000000478251704,Veolia,,D,200.51,Utilities,
2024-09-20,Żabka,PL45116022020000000478251704,Żabka,,D,359.13,Groceries,
2025-02-03,Company XYZ Salary,PL45116022020000000478251704,Company XYZ Salary,,C,5079.49,Salary,
2025-02-28,Company XYZ Salary,PL45116022020000000478251704,Company XYZ Salary,,C,13542.33,Salary,
2025-05-27,Veolia,PL45116022020000000478251704,Veolia,,D,69.73,Utilities,
2024-10-26,Local Bistro,PL45116022020000000478251704,Local Bistro,,D,108.02,Dining,
2024-10-05,Real Estate Bemowo,PL45116022020000000478251704,Real Estate Bemowo,,D,3500.0,Rent,
2024-07-02,McDonald's,PL45116022020000000478251704,McDonald's,,D,258.85,Dining,
2025-01-13,Uber,PL45116022020000000478251704,Uber,,D,257.58,Transport,
2024-12-24,Lidl,PL45116022020000000478251704,Lidl,,D,511.39,Groceries,
2024-09-16,Real Estate Bemowo,PL45116022020000000478251704,Real Estate Bemowo,,D,3500.0,Rent,
2025-06-25,Żabka,PL45116022020000000478251704,Żabka,,D,153.43,Groceries,
2025-03-04,PZU,PL45116022020000000478251704,PZU,,D,157.24,Insurance,
2024-12-26,Lidl,PL45116022020000000478251704,Lidl,,D,577.33,Groceries,
2025-03-25,PGNiG,PL45116022020000000478251704,PGNiG,,D,322.54,Utilities,
2025-02-01,Biedronka,PL45116022020000000478251704,Biedronka,,D,85.5,Groceries,
2025-04-26,UPC,PL45116022020000000478251704,UPC,,D,529.71,Utilities,
2025-06-02,Żabka,PL45116022020000000478251704,Żabka,,D,36.46,Groceries,
2024-07-27,Company XYZ Salary,PL45116022020000000478251704,Company XYZ Salary,,C,15909.2,Salary,
2024-11-28,Netflix,PL45116022020000000478251704,Netflix,,D,372.69,Entertainment,
2024-08-13,PGNiG,PL45116022020000000478251704,PGNiG,,D,293.82,Utilities,
2025-02-09,Real Estate Bemowo,PL45116022020000000478251704,Real Estate Bemowo,,D,3500.0,Rent,
2024-09-03,Company XYZ Salary,PL45116022020000000478251704,Company XYZ Salary,,C,13437.16,Salary,
2024-12-12,Żabka,PL45116022020000000478251704,Żabka,,D,279.81,Groceries,
2024-09-10,Company XYZ Salary,PL45116022020000000478251704,Company XYZ Salary,,C,9435.66,Salary,
2024-08-28,Company XYZ Salary,PL45116022020000000478251704,Company XYZ Salary,,C,9293.25,Salary,
2024-10-27,Real Estate Bemowo,PL45116022020000000478251704,Real Estate Bemowo,,D,3500.0,Rent,
2024-09-10,Empik,PL45116022020000000478251704,Empik,,D,245.97,Entertainment,
2025-03-07,ZTM Warsaw,PL45116022020000000478251704,ZTM Warsaw,,D,524.99,Transport,
2025-01-28,Company XYZ Salary,PL45116022020000000478251704,Company XYZ Salary,,C,6127.17,Salary,
2024-12-18,Empik,PL45116022020000000478251704,Empik,,D,593.81,Entertainment,
2025-06-05,PZU,PL45116022020000000478251704,PZU,,D,450.67,Insurance,
2024-07-26,Uber,PL45116022020000000478251704,Uber,,D,425.2,Transport,
2024-09-21,Pizza Hut,PL45116022020000000478251704,Pizza Hut,,D,51.8,Dining,
2024-12-31,Bolt,PL45116022020000000478251704,Bolt,,D,37.13,Transport,
2025-02-07,US Bemowo,PL45116022020000000478251704,US Bemowo,,D,349.03,Tax,
2025-05-09,Spotify,PL45116022020000000478251704,Spotify,,D,522.07,Entertainment,
2024-08-24,Żabka,PL45116022020000000478251704,Żabka,,D,344.41,Groceries,
2024-07-07,ING Branch,PL45116022020000000478251704,ING Branch,,C,1445.66,Cash Deposit,
2025-02-07,Lidl,PL45116022020000000478251704,Lidl,,D,187.78,Groceries,
2025-01-12,McDonald's,PL45116022020000000478251704,McDonald's,,D,238.6,Dining,
2025-06-08,Uber,PL45116022020000000478251704,Uber,,D,354.78,Transport,
2024-10-31,Uber,PL45116022020000000478251704,Uber,,D,521.69,Transport,
2024-08-06,PKO BP Branch,PL45116022020000000478251704,PKO BP Branch,,C,666.11,Cash Deposit,
2025-03-21,PGNiG,PL45116022020000000478251704,PGNiG,,D,87.29,Utilities,
2025-05-31,Empik,PL45116022020000000478251704,Empik,,D,194.47,Entertainment,
2024-07-25,Real Estate Bemowo,PL45116022020000000478251704,Real Estate Bemowo,,D,3500.0,Rent,
2024-07-11,Real Estate Bemowo,PL45116022020000000478251704,Real Estate Bemowo,,D,3500.0,Rent,
2025-03-13,Żabka,PL45116022020000000478251704,Żabka,,D,374.25,Groceries,
2024-08-18,Real Estate Bemowo,PL45116022020000000478251704,Real Estate Bemowo,,D,3500.0,Rent,
2024-07-12,Lidl,PL45116022020000000478251704,Lidl,,D,389.86,Groceries,
2025-01-28,Allegro.pl,PL45116022020000000478251704,Allegro.pl,,D,372.13,Entertainment,
2025-06-20,PKO BP Branch,PL45116022020000000478251704,PKO BP Branch,,C,2232.35,Cash Deposit,
2024-07-17,Lidl,PL45116022020000000478251704,Lidl,,D,348.23,Groceries,
2025-04-18,Żabka,PL45116022020000000478251704,Żabka,,D,445.31,Groceries,
2025-05-27,Bolt,PL45116022020000000478251704,Bolt,,D,230.65,Transport,
2025-03-12,Uber,PL45116022020000000478251704,Uber,,D,154.92,Transport,
2024-09-20,Company XYZ Salary,PL45116022020000000478251704,Company XYZ Salary,,C,11506.13,Salary,
2025-05-17,Uber,PL45116022020000000478251704,Uber,,D,586.72,Transport,
2024-11-09,ING Branch,PL45116022020000000478251704,ING Branch,,C,1340.2,Cash Deposit,
2024-11-07,Company XYZ Salary,PL45116022020000000478251704,Company XYZ Salary,,C,15223.87,Salary,
2025-05-31,Spotify,PL45116022020000000478251704,Spotify,,D,426.84,Entertainment,
2025-02-28,Biedronka,PL45116022020000000478251704,Biedronka,,D,493.4,Groceries,
2025-02-17,ZTM Warsaw,PL45116022020000000478251704,ZTM Warsaw,,D,203.47,Transport,
2024-09-22,Company XYZ Salary,PL45116022020000000478251704,Company XYZ Salary,,C,14299.47,Salary,
2024-09-23,Company XYZ Salary,PL45116022020000000478251704,Company XYZ Salary,,C,12794.78,Salary,
2024-07-22,Company XYZ Salary,PL45116022020000000478251704,Company XYZ Salary,,C,8874.2,Salary,
2024-12-13,Company XYZ Salary,PL45116022020000000478251704,Company XYZ Salary,,C,14812.73,Salary,
2025-01-27,Biedronka,PL45116022020000000478251704,Biedronka,,D,373.03,Groceries,
2024-12-04,Spotify,PL45116022020000000478251704,Spotify,,D,126.38,Entertainment,
2024-08-23,ZTM Warsaw,PL45116022020000000478251704,ZTM Warsaw,,D,154.7,Transport,
2025-02-13,Allegro.pl,PL45116022020000000478251704,Allegro.pl,,D,386.3,Entertainment,
2024-09-08,Netflix,PL45116022020000000478251704,Netflix,,D,292.72,Entertainment,
2025-02-26,Biedronka,PL45116022020000000478251704,Biedronka,,D,555.29,Groceries,
2024-11-25,Empik,PL45116022020000000478251704,Empik,,D,218.06,Entertainment,
2024-08-22,Żabka,PL45116022020000000478251704,Żabka,,D,358.15,Groceries,
2024-12-20,Company XYZ Salary,PL45116022020000000478251704,Company XYZ Salary,,C,8949.05,Salary,
2024-10-15,Local Bistro,PL45116022020000000478251704,Local Bistro,,D,481.23,Dining,
2024-12-15,Real Estate Bemowo,PL45116022020000000478251704,Real Estate Bemowo,,D,3500.0,Rent,
2025-01-11,Company XYZ Salary,PL45116022020000000478251704,Company XYZ Salary,,C,7843.6,Salary,
2024-12-08,KFC,PL45116022020000000478251704,KFC,,D,44.28,Dining,
2024-11-04,Biedronka,PL45116022020000000478251704,Biedronka,,D,411.41,Groceries,
2024-08-17,Netflix,PL45116022020000000478251704,Netflix,,D,143.44,Entertainment,
2024-09-01,Spotify,PL45116022020000000478251704,Spotify,,D,226.6,Entertainment,
2024-12-29,Biedronka,PL45116022020000000478251704,Biedronka,,D,124.91,Groceries,
2024-12-22,Company XYZ Salary,PL45116022020000000478251704,Company XYZ Salary,,C,7516.42,Salary,
2024-09-21,Company XYZ Salary,PL45116022020000000478251704,Company XYZ Salary,,C,11789.48,Salary,
2025-02-27,Biedronka,PL45116022020000000478251704,Biedronka,,D,93.18,Groceries,
2024-07-26,Netia,PL45116022020000000478251704,Netia,,D,452.34,Utilities,
2024-06-29,ZUS,PL45116022020000000478251704,ZUS,,D,213.38,Tax,
2024-09-09,Company XYZ Salary,PL45116022020000000478251704,Company XYZ Salary,,C,6171.69,Salary,
2025-05-14,Company XYZ Salary,PL45116022020000000478251704,Company XYZ Salary,,C,15840.74,Salary,
2024-10-30,Biedronka,PL45116022020000000478251704,Biedronka,,D,481.47,Groceries,
2024-09-13,ZUS,PL45116022020000000478251704,ZUS,,D,140.64,Tax,
2024-10-20,Real Estate Bemowo,PL45116022020000000478251704,Real Estate Bemowo,,D,3500.0,Rent,
2024-08-01,Netia,PL45116022020000000478251704,Netia,,D,106.1,Utilities,
2024-07-03,Lidl,PL45116022020000000478251704,Lidl,,D,284.69,Groceries,
2024-07-22,Biedronka,PL45116022020000000478251704,Biedronka,,D,172.49,Groceries,
2025-05-19,Biedronka,PL45116022020000000478251704,Biedronka,,D,310.22,Groceries,
2024-09-11,Company XYZ Salary,PL45116022020000000478251704,Company XYZ Salary,,C,8096.79,Salary,
2024-11-17,Company XYZ Salary,PL45116022020000000478251704,Company XYZ Salary,,C,7902.86,Salary,
2025-02-04,Company XYZ Salary,PL45116022020000000478251704,Company XYZ Salary,,C,15221.22,Salary,
2024-11-28,Euronet ATM,PL45116022020000000478251704,Euronet ATM,,D,200.0,ATM Withdrawl,
2025-04-14,Netia,PL45116022020000000478251704,Netia,,D,55.9,Utilities,
2025-05-17,UPC,PL45116022020000000478251704,UPC,,D,58.48,Utilities,
2024-07-03,Spotify,PL45116022020000000478251704,Spotify,,D,231.0,Entertainment,
2024-08-27,Real Estate Bemowo,PL45116022020000000478251704,Real Estate Bemowo,,D,3500.0,Rent,
2024-09-10,Uber,PL45116022020000000478251704,Uber,,D,584.02,Transport,
2025-06-13,Uber,PL45116022020000000478251704,Uber,,D,345.28,Transport,
2025-05-26,ZTM Warsaw,PL45116022020000000478251704,ZTM Warsaw,,D,149.66,Transport,
2025-06-14,Netia,PL45116022020000000478251704,Netia,,D,295.5,Utilities,
2025-04-22,Local Bistro,PL45116022020000000478251704,Local Bistro,,D,454.98,Dining,
2024-12-07,Local Bistro,PL45116022020000000478251704,Local Bistro,,D,164.86,Dining,
2025-03-01,ZTM Warsaw,PL45116022020000000478251704,ZTM Warsaw,,D,539.17,Transport,
2024-07-14,Żabka,PL45116022020000000478251704,Żabka,,D,548.49,Groceries,
2024-09-22,Euronet ATM,PL45116022020000000478251704,Euronet ATM,,D,300.0,ATM Withdrawl,
2024-09-28,Empik,PL45116022020000000478251704,Empik,,D,56.35,Entertainment,
2024-09-09,Uber,PL45116022020000000478251704,Uber,,D,530.53,Transport,
2025-04-14,ZUS,PL45116022020000000478251704,ZUS,,D,265.29,Tax,
2025-04-04,PKO BP ATM,PL45116022020000000478251704,PKO BP ATM,,D,500.0,ATM Withdrawl,
2025-04-23,Real Estate Bemowo,PL45116022020000000478251704,Real Estate Bemowo,,D,3500.0,Rent,
2024-11-30,PGNiG,PL45116022020000000478251704,PGNiG,,D,445.39,Utilities,
2024-10-11,Empik,PL45116022020000000478251704,Empik,,D,86.39,Entertainment,
2024-09-09,Spotify,PL45116022020000000478251704,Spotify,,D,549.92,Entertainment,
2024-10-14,McDonald's,PL45116022020000000478251704,McDonald's,,D,381.23,Dining,
2025-05-04,Company XYZ Salary,PL45116022020000000478251704,Company XYZ Salary,,C,15745.23,Salary,
2024-10-20,Netia,PL45116022020000000478251704,Netia,,D,111.39,Utilities,
2024-09-25,Company XYZ Salary,PL45116022020000000478251704,Company XYZ Salary,,C,11676.67,Salary,
2025-06-03,Bolt,PL45116022020000000478251704,Bolt,,D,478.25,Transport,
2024-08-12,US Bemowo,PL45116022020000000478251704,US Bemowo,,D,141.01,Tax,
2024-10-09,Biedronka,PL45116022020000000478251704,Biedronka,,D,209.38,Groceries,
2025-01-29,US Bemowo,PL45116022020000000478251704,US Bemowo,,D,89.54,Tax,
2025-01-17,Company XYZ Salary,PL45116022020000000478251704,Company XYZ Salary,,C,12144.7,Salary,
2024-08-04,PZU,PL45116022020000000478251704,PZU,,D,181.79,Insurance,
2025-05-03,Company XYZ Salary,PL45116022020000000478251704,Company XYZ Salary,,C,6354.15,Salary,
2025-03-10,Pizza Hut,PL45116022020000000478251704,Pizza Hut,,D,80.44,Dining,
2024-11-11,Pizza Hut,PL45116022020000000478251704,Pizza Hut,,D,396.99,Dining,
2024-12-23,Lidl,PL45116022020000000478251704,Lidl,,D,31.82,Groceries,
2025-04-09,McDonald's,PL45116022020000000478251704,McDonald's,,D,361.32,Dining,
2024-07-20,PZU,PL45116022020000000478251704,PZU,,D,105.32,Insurance,
2025-04-12,Bolt,PL45116022020000000478251704,Bolt,,D,262.53,Transport,
2024-08-26,Bolt,PL45116022020000000478251704,Bolt,,D,304.78,Transport,
2025-05-31,Company XYZ Salary,PL45116022020000000478251704,Company XYZ Salary,,C,11490.24,Salary,
2025-05-20,Real Estate Bemowo,PL45116022020000000478251704,Real Estate Bemowo,,D,3500.0,Rent,
2024-08-11,Pizza Hut,PL45116022020000000478251704,Pizza Hut,,D,512.21,Dining,
2024-11-01,Company XYZ Salary,PL45116022020000000478251704,Company XYZ Salary,,C,6803.66,Salary,
2025-06-06,Empik,PL45116022020000000478251704,Empik,,D,581.65,Entertainment,
2025-06-02,PGNiG,PL45116022020000000478251704,PGNiG,,D,564.4,Utilities,
2024-09-08,Empik,PL45116022020000000478251704,Empik,,D,206.71,Entertainment,
2025-01-31,Company XYZ Salary,PL45116022020000000478251704,Company XYZ Salary,,C,6957.18,Salary,
2025-05-01,Netflix,PL45116022020000000478251704,Netflix,,D,443.17,Entertainment,
2025-06-22,Warta,PL45116022020000000478251704,Warta,,D,100.55,Insurance,
2024-08-30,Spotify,PL45116022020000000478251704,Spotify,,D,35.75,Entertainment,
2025-05-12,Żabka,PL45116022020000000478251704,Żabka,,D,399.85,Groceries,
2025-06-02,McDonald's,PL45116022020000000478251704,McDonald's,,D,232.81,Dining,
2024-07-05,Real Estate Bemowo,PL45116022020000000478251704,Real Estate Bemowo,,D,3500.0,Rent,
2024-09-30,Company XYZ Salary,PL45116022020000000478251704,Company XYZ Salary,,C,13616.5,Salary,
2025-05-28,Lidl,PL45116022020000000478251704,Lidl,,D,400.78,Groceries,
2025-02-05,Real Estate Bemowo,PL45116022020000000478251704,Real Estate Bemowo,,D,3500.0,Rent,
2025-02-06,KFC,PL45116022020000000478251704,KFC,,D,93.81,Dining,
2024-09-28,Company XYZ Salary,PL45116022020000000478251704,Company XYZ Salary,,C,12474.54,Salary,
2025-04-19,Spotify,PL45116022020000000478251704,Spotify,,D,40.26,Entertainment,
2025-03-18,Żabka,PL45116022020000000478251704,Żabka,,D,228.08,Groceries,
2025-03-10,Lidl,PL45116022020000000478251704,Lidl,,D,310.44,Groceries,
2024-08-28,Company XYZ Salary,PL45116022020000000478251704,Company XYZ Salary,,C,5946.58,Salary,
2024-10-15,ING Branch,PL45116022020000000478251704,ING Branch,,C,1925.23,Cash Deposit,
2024-10-04,ING Branch,PL45116022020000000478251704,ING Branch,,C,2672.89,Cash Deposit,
2024-12-07,UPC,PL45116022020000000478251704,UPC,,D,356.94,Utilities,
2025-03-10,PKO BP ATM,PL45116022020000000478251704,PKO BP ATM,,D,300.0,ATM Withdrawl,
2025-03-10,Company XYZ Salary,PL45116022020000000478251704,Company XYZ Salary,,C,8409.41,Salary,
2025-03-15,KFC,PL45116022020000000478251704,KFC,,D,207.08,Dining,
2025-02-03,ZTM Warsaw,PL45116022020000000478251704,ZTM Warsaw,,D,393.46,Transport,
2024-11-15,Żabka,PL45116022020000000478251704,Żabka,,D,352.85,Groceries,
2024-09-30,Lidl,PL45116022020000000478251704,Lidl,,D,305.91,Groceries,
2024-08-27,KFC,PL45116022020000000478251704,KFC,,D,33.4,Dining,
2025-04-14,Compensa,PL45116022020000000478251704,Compensa,,D,292.64,Insurance,
2024-08-14,Company XYZ Salary,PL45116022020000000478251704,Company XYZ Salary,,C,8147.92,Salary,
2024-08-27,McDonald's,PL45116022020000000478251704,McDonald's,,D,198.03,Dining,
2024-11-26,Veolia,PL45116022020000000478251704,Veolia,,D,177.98,Utilities,
2024-11-21,Real Estate Bemowo,PL45116022020000000478251704,Real Estate Bemowo,,D,3500.0,Rent,
2025-03-22,Pizza Hut,PL45116022020000000478251704,Pizza Hut,,D,112.13,Dining,
2024-12-23,Lidl,PL45116022020000000478251704,Lidl,,D,50.52,Groceries,
2025-03-12,Biedronka,PL45116022020000000478251704,Biedronka,,D,98.54,Groceries,
2025-04-20,Local Bistro,PL45116022020000000478251704,Local Bistro,,D,478.98,Dining,
2024-09-13,UPC,PL45116022020000000478251704,UPC,,D,240.36,Utilities,
2024-07-28,McDonald's,PL45116022020000000478251704,McDonald's,,D,215.05,Dining,
2025-03-12,PKP Intercity,PL45116022020000000478251704,PKP Intercity,,D,461.26,Transport,
2024-08-17,Empik,PL45116022020000000478251704,Empik,,D,78.9,Entertainment,
2025-03-28,Real Estate Bemowo,PL45116022020000000478251704,Real Estate Bemowo,,D,3500.0,Rent,
2025-05-31,Netflix,PL45116022020000000478251704,Netflix,,D,348.01,Entertainment,
2025-06-04,Warta,PL45116022020000000478251704,Warta,,D,533.04,Insurance,
2024-07-27,Spotify,PL45116022020000000478251704,Spotify,,D,365.2,Entertainment,
2025-03-04,Uber,PL45116022020000000478251704,Uber,,D,383.64,Transport,
2025-01-16,Żabka,PL45116022020000000478251704,Żabka,,D,561.1,Groceries,
2025-04-30,Euronet ATM,PL45116022020000000478251704,Euronet ATM,,D,200.0,ATM Withdrawl,
2024-07-13,UPC,PL45116022020000000478251704,UPC,,D,428.4,Utilities,
2024-09-30,Netflix,PL45116022020000000478251704,Netflix,,D,249.48,Entertainment,
2024-12-20,Pizza Hut,PL45116022020000000478251704,Pizza Hut,,D,399.14,Dining,
2024-11-17,Company XYZ Salary,PL45116022020000000478251704,Company XYZ Salary,,C,7645.17,Salary,
2024-08-24,Empik,PL45116022020000000478251704,Empik,,D,131.6,Entertainment,
2025-04-30,Lidl,PL45116022020000000478251704,Lidl,,D,277.69,Groceries,
2024-11-05,Bolt,PL45116022020000000478251704,Bolt,,D,177.2,Transport,
2025-04-16,Real Estate Bemowo,PL45116022020000000478251704,Real Estate Bemowo,,D,3500.0,Rent,
2024-11-08,PZU,PL45116022020000000478251704,PZU,,D,521.0,Insurance,
2024-08-14,Real Estate Bemowo,PL45116022020000000478251704,Real Estate Bemowo,,D,3500.0,Rent,
2024-07-28,Company XYZ Salary,PL45116022020000000478251704,Company XYZ Salary,,C,6809.46,Salary,
2025-06-10,US Bemowo,PL45116022020000000478251704,US Bemowo,,D,156.25,Tax,
2024-11-01,Lidl,PL45116022020000000478251704,Lidl,,D,168.02,Groceries,
2025-06-14,Uber,PL45116022020000000478251704,Uber,,D,48.13,Transport,
2025-06-26,Bolt,PL45116022020000000478251704,Bolt,,D,144.84,Transport,
2024-08-25,Lidl,PL45116022020000000478251704,Lidl,,D,481.4,Groceries,
2024-08-28,Local Bistro,PL45116022020000000478251704,Local Bistro,,D,411.71,Dining,
2024-08-12,Biedronka,PL45116022020000000478251704,Biedronka,,D,160.32,Groceries,
2024-09-24,Euronet ATM,PL45116022020000000478251704,Euronet ATM,,D,200.0,ATM Withdrawl,
2025-03-30,Company XYZ Salary,PL45116022020000000478251704,Company XYZ Salary,,C,9475.68,Salary,
2025-04-17,Local Bistro,PL45116022020000000478251704,Local Bistro,,D,153.56,Dining,
2024-12-20,Real Estate Bemowo,PL45116022020000000478251704,Real Estate Bemowo,,D,3500.0,Rent,
2024-09-11,KFC,PL45116022020000000478251704,KFC,,D,372.29,Dining,
2024-12-14,Veolia,PL45116022020000000478251704,Veolia,,D,333.36,Utilities,
2024-08-24,Company XYZ Salary,PL45116022020000000478251704,Company XYZ Salary,,C,7438.28,Salary,
2024-11-06,Local Bistro,PL45116022020000000478251704,Local Bistro,,D,471.71,Dining,
2024-10-18,Netia,PL45116022020000000478251704,Netia,,D,237.6,Utilities,
2024-08-13,Local Bistro,PL45116022020000000478251704,Local Bistro,,D,326.38,Dining,
2025-06-26,PGNiG,PL45116022020000000478251704,PGNiG,,D,497.55,Utilities,
2025-05-11,McDonald's,PL45116022020000000478251704,McDonald's,,D,148.43,Dining,
2024-08-28,Pizza Hut,PL45116022020000000478251704,Pizza Hut,,D,586.6,Dining,
2025-06-11,Veolia,PL45116022020000000478251704,Veolia,,D,128.2,Utilities,
2025-01-05,Lidl,PL45116022020000000478251704,Lidl,,D,517.47,Groceries,
2025-03-25,McDonald's,PL45116022020000000478251704,McDonald's,,D,461.38,Dining,
2025-01-24,Real Estate Bemowo,PL45116022020000000478251704,Real Estate Bemowo,,D,3500.0,Rent,
2024-12-11,Lidl,PL45116022020000000478251704,Lidl,,D,224.29,Groceries,
2024-10-18,Allegro.pl,PL45116022020000000478251704,Allegro.pl,,D,136.39,Entertainment,
2024-11-20,ZTM Warsaw,PL45116022020000000478251704,ZTM Warsaw,,D,259.77,Transport,
2025-01-05,Company XYZ Salary,PL45116022020000000478251704,Company XYZ Salary,,C,13425.45,Salary,
2024-09-07,Veolia,PL45116022020000000478251704,Veolia,,D,328.38,Utilities,
2024-09-24,McDonald's,PL45116022020000000478251704,McDonald's,,D,390.1,Dining,
2025-06-18,Lidl,PL45116022020000000478251704,Lidl,,D,280.18,Groceries,
2024-09-09,ZTM Warsaw,PL45116022020000000478251704,ZTM Warsaw,,D,444.61,Transport,
2025-04-01,Local Bistro,PL45116022020000000478251704,Local Bistro,,D,412.02,Dining,
2024-12-04,Biedronka,PL45116022020000000478251704,Biedronka,,D,196.33,Groceries,
2024-08-03,Company XYZ Salary,PL45116022020000000478251704,Company XYZ Salary,,C,15512.99,Salary,
2024-09-27,Żabka,PL45116022020000000478251704,Żabka,,D,396.38,Groceries,
2024-11-30,KFC,PL45116022020000000478251704,KFC,,D,48.88,Dining,
2025-05-03,Pizza Hut,PL45116022020000000478251704,Pizza Hut,,D,84.98,Dining,
2024-07-08,Company XYZ Salary,PL45116022020000000478251704,Company XYZ Salary,,C,15585.0,Salary,
2025-05-11,Uber,PL45116022020000000478251704,Uber,,D,69.98,Transport,
2024-09-03,Spotify,PL45116022020000000478251704,Spotify,,D,455.91,Entertainment,
2025-03-25,Real Estate Bemowo,PL45116022020000000478251704,Real Estate Bemowo,,D,3500.0,Rent,
2025-06-08,ING Branch,PL45116022020000000478251704,ING Branch,,C,1056.25,Cash Deposit,
2025-04-14,Veolia,PL45116022020000000478251704,Veolia,,D,277.81,Utilities,
2025-02-19,ING Branch,PL45116022020000000478251704,ING Branch,,C,2369.18,Cash Deposit,
2025-04-14,KFC,PL45116022020000000478251704,KFC,,D,395.52,Dining,
2025-06-18,PKP Intercity,PL45116022020000000478251704,PKP Intercity,,D,321.96,Transport,
2025-03-08,Netia,PL45116022020000000478251704,Netia,,D,186.02,Utilities,
2025-05-06,Real Estate Bemowo,PL45116022020000000478251704,Real Estate Bemowo,,D,3500.0,Rent,
2024-12-30,Real Estate Bemowo,PL45116022020000000478251704,Real Estate Bemowo,,D,3500.0,Rent,
2025-06-02,KFC,PL45116022020000000478251704,KFC,,D,163.68,Dining,
2024-09-28,Company XYZ Salary,PL45116022020000000478251704,Company XYZ Salary,,C,10729.83,Salary,
2024-09-03,Local Bistro,PL45116022020000000478251704,Local Bistro,,D,198.12,Dining,
2025-02-08,KFC,PL45116022020000000478251704,KFC,,D,494.66,Dining,
2024-10-14,Biedronka,PL45116022020000000478251704,Biedronka,,D,188.16,Groceries,
2024-11-24,Veolia,PL45116022020000000478251704,Veolia,,D,263.53,Utilities,
2025-04-17,Netia,PL45116022020000000478251704,Netia,,D,554.33,Utilities,
2024-11-08,Bolt,PL45116022020000000478251704,Bolt,,D,96.49,Transport,
2024-08-25,Netflix,PL45116022020000000478251704,Netflix,,D,123.69,Entertainment,
2024-09-18,PKO BP ATM,PL45116022020000000478251704,PKO BP ATM,,D,200.0,ATM Withdrawl,
2025-01-25,Euronet ATM,PL45116022020000000478251704,Euronet ATM,,D,500.0,ATM Withdrawl,
2025-04-29,Empik,PL45116022020000000478251704,Empik,,D,593.0,Entertainment,
2024-10-03,McDonald's,PL45116022020000000478251704,McDonald's,,D,73.25,Dining,
2024-10-22,PZU,PL45116022020000000478251704,PZU,,D,457.8,Insurance,
2025-01-04,Empik,PL45116022020000000478251704,Empik,,D,73.5,Entertainment,
2024-12-02,Company XYZ Salary,PL45116022020000000478251704,Company XYZ Salary,,C,12255.38,Salary,
2025-01-18,Company XYZ Salary,PL45116022020000000478251704,Company XYZ Salary,,C,13427.67,Salary,
2025-03-12,Company XYZ Salary,PL45116022020000000478251704,Company XYZ Salary,,C,6145.39,Salary,
2025-05-13,Company XYZ Salary,PL45116022020000000478251704,Company XYZ Salary,,C,7499.61,Salary,
2025-01-05,Real Estate Bemowo,PL45116022020000000478251704,Real Estate Bemowo,,D,3500.0,Rent,
2025-03-17,Netflix,PL45116022020000000478251704,Netflix,,D,148.6,Entertainment,
2024-11-08,PKP Intercity,PL45116022020000000478251704,PKP Intercity,,D,578.38,Transport,
2024-10-30,Local Bistro,PL45116022020000000478251704,Local Bistro,,D,188.75,Dining,
2024-09-26,Allegro.pl,PL45116022020000000478251704,Allegro.pl,,D,165.39,Entertainment,
2025-01-19,Company XYZ Salary,PL45116022020000000478251704,Company XYZ Salary,,C,10209.96,Salary,
2025-05-26,UPC,PL45116022020000000478251704,UPC,,D,95.19,Utilities,
2025-05-16,Real Estate Bemowo,PL45116022020000000478251704,Real Estate Bemowo,,D,3500.0,Rent,
2024-09-23,Company XYZ Salary,PL45116022020000000478251704,Company XYZ Salary,,C,10040.8,Salary,
2025-01-04,Veolia,PL45116022020000000478251704,Veolia,,D,439.71,Utilities,
2025-01-07,ZTM Warsaw,PL45116022020000000478251704,ZTM Warsaw,,D,293.05,Transport,
2025-02-18,PGNiG,PL45116022020000000478251704,PGNiG,,D,80.39,Utilities,
2024-07-02,PKP Intercity,PL45116022020000000478251704,PKP Intercity,,D,62.35,Transport,
2024-11-21,Company XYZ Salary,PL45116022020000000478251704,Company XYZ Salary,,C,12882.59,Salary,
2024-09-13,Netia,PL45116022020000000478251704,Netia,,D,583.21,Utilities,
2025-03-08,PGNiG,PL45116022020000000478251704,PGNiG,,D,329.53,Utilities,
2025-01-01,Allegro.pl,PL45116022020000000478251704,Allegro.pl,,D,499.17,Entertainment,
2025-05-21,PGNiG,PL45116022020000000478251704,PGNiG,,D,297.4,Utilities,
2024-09-02,Żabka,PL45116022020000000478251704,Żabka,,D,520.3,Groceries,
2024-11-23,Allegro.pl,PL45116022020000000478251704,Allegro.pl,,D,394.32,Entertainment,
2024-08-28,Uber,PL45116022020000000478251704,Uber,,D,139.51,Transport,
2024-12-22,PGNiG,PL45116022020000000478251704,PGNiG,,D,556.73,Utilities,
2025-03-18,PGNiG,PL45116022020000000478251704,PGNiG,,D,128.14,Utilities,
2024-07-24,ING Branch,PL45116022020000000478251704,ING Branch,,C,1740.91,Cash Deposit,
2025-06-17,Lidl,PL45116022020000000478251704,Lidl,,D,549.61,Groceries,
2025-05-14,Lidl,PL45116022020000000478251704,Lidl,,D,78.97,Groceries,
2025-03-15,Bolt,PL45116022020000000478251704,Bolt,,D,77.01,Transport,
2025-01-18,Lidl,PL45116022020000000478251704,Lidl,,D,259.37,Groceries,
2024-10-03,Netflix,PL45116022020000000478251704,Netflix,,D,585.21,Entertainment,
2025-05-03,Lidl,PL45116022020000000478251704,Lidl,,D,156.95,Groceries,
2025-06-23,Compensa,PL45116022020000000478251704,Compensa,,D,591.36,Insurance,
2025-03-05,Uber,PL45116022020000000478251704,Uber,,D,548.54,Transport,
2025-05-08,Company XYZ Salary,PL45116022020000000478251704,Company XYZ Salary,,C,7675.83,Salary,
2024-09-29,Empik,PL45116022020000000478251704,Empik,,D,89.15,Entertainment,
2025-03-02,Spotify,PL45116022020000000478251704,Spotify,,D,107.58,Entertainment,
2025-06-09,Biedronka,PL45116022020000000478251704,Biedronka,,D,518.51,Groceries,
2025-03-05,PGNiG,PL45116022020000000478251704,PGNiG,,D,374.52,Utilities,
2024-09-16,Lidl,PL45116022020000000478251704,Lidl,,D,88.34,Groceries,
2024-10-07,Compensa,PL45116022020000000478251704,Compensa,,D,594.55,Insurance,
2024-08-15,Lidl,PL45116022020000000478251704,Lidl,,D,276.89,Groceries,
2025-02-09,UPC,PL45116022020000000478251704,UPC,,D,291.99,Utilities,
2024-10-12,Euronet ATM,PL45116022020000000478251704,Euronet ATM,,D,200.0,ATM Withdrawl,
2024-09-08,Bolt,PL45116022020000000478251704,Bolt,,D,306.85,Transport,
2025-06-25,Compensa,PL45116022020000000478251704,Compensa,,D,179.32,Insurance,
2025-02-18,Company XYZ Salary,PL45116022020000000478251704,Company XYZ Salary,,C,11776.89,Salary,
2025-06-04,McDonald's,PL45116022020000000478251704,McDonald's,,D,185.86,Dining,
2024-10-17,Biedronka,PL45116022020000000478251704,Biedronka,,D,166.37,Groceries,
2025-03-01,Company XYZ Salary,PL45116022020000000478251704,Company XYZ Salary,,C,15288.7,Salary,
2025-01-16,Biedronka,PL45116022020000000478251704,Biedronka,,D,523.36,Groceries,
2024-08-03,UPC,PL45116022020000000478251704,UPC,,D,305.14,Utilities,
2024-12-04,Żabka,PL45116022020000000478251704,Żabka,,D,555.33,Groceries,
2025-03-07,Real Estate Bemowo,PL45116022020000000478251704,Real Estate Bemowo,,D,3500.0,Rent,
2024-10-01,Żabka,PL45116022020000000478251704,Żabka,,D,112.57,Groceries,
2025-04-03,ZTM Warsaw,PL45116022020000000478251704,ZTM Warsaw,,D,257.77,Transport,
2024-08-31,Pizza Hut,PL45116022020000000478251704,Pizza Hut,,D,166.3,Dining,
2024-06-27,ING Branch,PL45116022020000000478251704,ING Branch,,C,635.17,Cash Deposit,
2025-04-13,PKP Intercity,PL45116022020000000478251704,PKP Intercity,,D,343.64,Transport,
2024-11-04,Company XYZ Salary,PL45116022020000000478251704,Company XYZ Salary,,C,10163.4,Salary,
2025-03-31,PKO BP Branch,PL45116022020000000478251704,PKO BP Branch,,C,2569.32,Cash Deposit,
2024-06-28,UPC,PL45116022020000000478251704,UPC,,D,471.52,Utilities,
2025-03-26,Netia,PL45116022020000000478251704,Netia,,D,331.16,Utilities,
2024-10-11,Real Estate Bemowo,PL45116022020000000478251704,Real Estate Bemowo,,D,3500.0,Rent,
2024-08-06,Pizza Hut,PL45116022020000000478251704,Pizza Hut,,D,363.92,Dining,
2025-03-06,ZTM Warsaw,PL45116022020000000478251704,ZTM Warsaw,,D,338.64,Transport,
2025-05-02,Biedronka,PL45116022020000000478251704,Biedronka,,D,290.16,Groceries,
2024-11-06,Żabka,PL45116022020000000478251704,Żabka,,D,509.47,Groceries,
2024-07-22,PKO BP ATM,PL45116022020000000478251704,PKO BP ATM,,D,500.0,ATM Withdrawl,
2025-01-27,ZTM Warsaw,PL45116022020000000478251704,ZTM Warsaw,,D,306.23,Transport,
2024-11-03,Uber,PL45116022020000000478251704,Uber,,D,276.91,Transport,
2024-09-23,KFC,PL45116022020000000478251704,KFC,,D,67.11,Dining,
2025-05-13,Company XYZ Salary,PL45116022020000000478251704,Company XYZ Salary,,C,7701.63,Salary,
2024-11-08,McDonald's,PL45116022020000000478251704,McDonald's,,D,72.46,Dining,
2025-06-12,US Bemowo,PL45116022020000000478251704,US Bemowo,,D,521.04,Tax,
2025-06-23,Real Estate Bemowo,PL45116022020000000478251704,Real Estate Bemowo,,D,3500.0,Rent,
2024-08-20,Biedronka,PL45116022020000000478251704,Biedronka,,D,530.24,Groceries,
2024-08-13,Pizza Hut,PL45116022020000000478251704,Pizza Hut,,D,228.08,Dining,
2024-10-24,Company XYZ Salary,PL45116022020000000478251704,Company XYZ Salary,,C,13590.33,Salary,
2025-05-31,PKO BP ATM,PL45116022020000000478251704,PKO BP ATM,,D,300.0,ATM Withdrawl,
2025-03-17,Warta,PL45116022020000000478251704,Warta,,D,282.09,Insurance,
2024-07-06,Local Bistro,PL45116022020000000478251704,Local Bistro,,D,479.07,Dining,
2025-01-26,Veolia,PL45116022020000000478251704,Veolia,,D,319.69,Utilities,
2024-11-14,Biedronka,PL45116022020000000478251704,Biedronka,,D,507.6,Groceries,
2025-06-12,PKP Intercity,PL45116022020000000478251704,PKP Intercity,,D,590.68,Transport,
2025-05-20,Bolt,PL45116022020000000478251704,Bolt,,D,418.46,Transport,
2025-03-17,Company XYZ Salary,PL45116022020000000478251704,Company XYZ Salary,,C,10242.21,Salary,
2025-02-04,Lidl,PL45116022020000000478251704,Lidl,,D,381.04,Groceries,
2025-05-28,Real Estate Bemowo,PL45116022020000000478251704,Real Estate Bemowo,,D,3500.0,Rent,
2025-03-07,Real Estate Bemowo,PL45116022020000000478251704,Real Estate Bemowo,,D,3500.0,Rent,
2024-07-08,ING Branch,PL45116022020000000478251704,ING Branch,,C,2418.01,Cash Deposit,
2025-03-03,Euronet ATM,PL45116022020000000478251704,Euronet ATM,,D,200.0,ATM Withdrawl,
2025-06-01,KFC,PL45116022020000000478251704,KFC,,D,326.19,Dining,
2025-02-08,ZUS,PL45116022020000000478251704,ZUS,,D,531.67,Tax,
2024-07-03,McDonald's,PL45116022020000000478251704,McDonald's,,D,163.81,Dining,
2024-07-16,Real Estate Bemowo,PL45116022020000000478251704,Real Estate Bemowo,,D,3500.0,Rent,
2024-09-20,Netflix,PL45116022020000000478251704,Netflix,,D,306.34,Entertainment,
2025-01-11,Netia,PL45116022020000000478251704,Netia,,D,63.66,Utilities,
2024-08-29,Real Estate Bemowo,PL45116022020000000478251704,Real Estate Bemowo,,D,3500.0,Rent,
2024-10-08,Lidl,PL45116022020000000478251704,Lidl,,D,211.49,Groceries,
2025-06-12,Spotify,PL45116022020000000478251704,Spotify,,D,390.97,Entertainment,
2024-07-23,PKP Intercity,PL45116022020000000478251704,PKP Intercity,,D,454.56,Transport,
2024-11-08,Real Estate Bemowo,PL45116022020000000478251704,Real Estate Bemowo,,D,3500.0,Rent,
2025-02-07,McDonald's,PL45116022020000000478251704,McDonald's,,D,236.86,Dining,
2025-03-28,Company XYZ Salary,PL45116022020000000478251704,Company XYZ Salary,,C,13560.0,Salary,
2025-03-07,Żabka,PL45116022020000000478251704,Żabka,,D,550.24,Groceries,
2025-02-14,Real Estate Bemowo,PL45116022020000000478251704,Real Estate Bemowo,,D,3500.0,Rent,
2024-11-12,Veolia,PL45116022020000000478251704,Veolia,,D,496.94,Utilities,
2024-11-14,PKO BP ATM,PL45116022020000000478251704,PKO BP ATM,,D,300.0,ATM Withdrawl,
2024-12-23,ZTM Warsaw,PL45116022020000000478251704,ZTM Warsaw,,D,547.23,Transport,
2025-01-12,US Bemowo,PL45116022020000000478251704,US Bemowo,,D,492.66,Tax,
2024-09-27,Biedronka,PL45116022020000000478251704,Biedronka,,D,147.2,Groceries,
2025-01-11,Real Estate Bemowo,PL45116022020000000478251704,Real Estate Bemowo,,D,3500.0,Rent,
2024-07-25,Żabka,PL45116022020000000478251704,Żabka,,D,97.94,Groceries,
2024-10-25,Real Estate Bemowo,PL45116022020000000478251704,Real Estate Bemowo,,D,3500.0,Rent,
2025-01-14,PKP Intercity,PL45116022020000000478251704,PKP Intercity,,D,206.95,Transport,
2025-03-23,PKO BP ATM,PL45116022020000000478251704,PKO BP ATM,,D,200.0,ATM Withdrawl,
2025-02-19,Bolt,PL45116022020000000478251704,Bolt,,D,417.88,Transport,
2024-12-20,Company XYZ Salary,PL45116022020000000478251704,Company XYZ Salary,,C,11357.89,Salary,
2024-08-28,Company XYZ Salary,PL45116022020000000478251704,Company XYZ Salary,,C,14220.01,Salary,
2025-04-07,KFC,PL45116022020000000478251704,KFC,,D,453.25,Dining,
2024-07-31,Spotify,PL45116022020000000478251704,Spotify,,D,541.83,Entertainment,
2025-03-22,Allegro.pl,PL45116022020000000478251704,Allegro.pl,,D,205.12,Entertainment,
2024-08-29,US Bemowo,PL45116022020000000478251704,US Bemowo,,D,532.66,Tax,
2025-04-10,ZTM Warsaw,PL45116022020000000478251704,ZTM Warsaw,,D,438.29,Transport,
2025-05-21,Uber,PL45116022020000000478251704,Uber,,D,347.06,Transport,
2025-04-09,Lidl,PL45116022020000000478251704,Lidl,,D,183.91,Groceries,
2024-09-13,Company XYZ Salary,PL45116022020000000478251704,Company XYZ Salary,,C,5312.99,Salary,
2024-11-19,Compensa,PL45116022020000000478251704,Compensa,,D,264.68,Insurance,
2025-06-02,ZTM Warsaw,PL45116022020000000478251704,ZTM Warsaw,,D,363.5,Transport,
2025-06-22,Empik,PL45116022020000000478251704,Empik,,D,166.57,Entertainment,
2024-12-04,Spotify,PL45116022020000000478251704,Spotify,,D,92.0,Entertainment,
2025-01-12,Lidl,PL45116022020000000478251704,Lidl,,D,472.62,Groceries,
2024-07-23,Euronet ATM,PL45116022020000000478251704,Euronet ATM,,D,200.0,ATM Withdrawl,
2025-06-23,Real Estate Bemowo,PL45116022020000000478251704,Real Estate Bemowo,,D,3500.0,Rent,
2024-11-30,Allegro.pl,PL45116022020000000478251704,Allegro.pl,,D,262.69,Entertainment,
2025-05-30,Empik,PL45116022020000000478251704,Empik,,D,484.19,Entertainment,
2025-04-13,Pizza Hut,PL45116022020000000478251704,Pizza Hut,,D,75.76,Dining,
2025-06-12,Company XYZ Salary,PL45116022020000000478251704,Company XYZ Salary,,C,11551.88,Salary,
2025-02-26,Real Estate Bemowo,PL45116022020000000478251704,Real Estate Bemowo,,D,3500.0,Rent,
2025-05-18,Company XYZ Salary,PL45116022020000000478251704,Company XYZ Salary,,C,14405.55,Salary,
2025-03-21,Uber,PL45116022020000000478251704,Uber,,D,112.18,Transport,
2024-08-07,Uber,PL45116022020000000478251704,Uber,,D,212.52,Transport,
2025-01-28,Bolt,PL45116022020000000478251704,Bolt,,D,172.81,Transport,
2025-06-03,McDonald's,PL45116022020000000478251704,McDonald's,,D,309.39,Dining,
2024-11-24,Compensa,PL45116022020000000478251704,Compensa,,D,459.08,Insurance,
2025-01-08,Veolia,PL45116022020000000478251704,Veolia,,D,279.04,Utilities,
2024-12-06,Lidl,PL45116022020000000478251704,Lidl,,D,546.55,Groceries,
2024-09-24,PGNiG,PL45116022020000000478251704,PGNiG,,D,123.67,Utilities,
2025-02-01,ZTM Warsaw,PL45116022020000000478251704,ZTM Warsaw,,D,524.6,Transport,
2024-10-03,Company XYZ Salary,PL45116022020000000478251704,Company XYZ Salary,,C,5792.25,Salary,
2024-10-08,Żabka,PL45116022020000000478251704,Żabka,,D,163.79,Groceries,
2024-12-04,McDonald's,PL45116022020000000478251704,McDonald's,,D,302.85,Dining,
2025-05-04,PGNiG,PL45116022020000000478251704,PGNiG,,D,243.1,Utilities,
2024-12-19,Real Estate Bemowo,PL45116022020000000478251704,Real Estate Bemowo,,D,3500.0,Rent,
2025-04-26,PKO BP Branch,PL45116022020000000478251704,PKO BP Branch,,C,2104.64,Cash Deposit,
2025-01-14,Biedronka,PL45116022020000000478251704,Biedronka,,D,487.27,Groceries,
2025-01-26,Uber,PL45116022020000000478251704,Uber,,D,325.82,Transport,
2024-09-28,Lidl,PL45116022020000000478251704,Lidl,,D,347.74,Groceries,
2024-10-14,Pizza Hut,PL45116022020000000478251704,Pizza Hut,,D,369.68,Dining,
2025-02-26,Żabka,PL45116022020000000478251704,Żabka,,D,329.25,Groceries,
2025-03-12,Compensa,PL45116022020000000478251704,Compensa,,D,53.46,Insurance,
2025-02-21,McDonald's,PL45116022020000000478251704,McDonald's,,D,263.59,Dining,
2024-09-15,Euronet ATM,PL45116022020000000478251704,Euronet ATM,,D,500.0,ATM Withdrawl,
2024-09-29,Uber,PL45116022020000000478251704,Uber,,D,557.33,Transport,
2025-05-30,Netflix,PL45116022020000000478251704,Netflix,,D,281.1,Entertainment,
2025-04-15,Warta,PL45116022020000000478251704,Warta,,D,518.32,Insurance,
2025-06-13,ZUS,PL45116022020000000478251704,ZUS,,D,489.97,Tax,
2025-02-13,Company XYZ Salary,PL45116022020000000478251704,Company XYZ Salary,,C,13827.28,Salary,
2024-12-27,Local Bistro,PL45116022020000000478251704,Local Bistro,,D,154.82,Dining,
2025-06-04,Company XYZ Salary,PL45116022020000000478251704,Company XYZ Salary,,C,14150.08,Salary,
2025-05-29,Netflix,PL45116022020000000478251704,Netflix,,D,212.53,Entertainment,
2024-09-16,PGNiG,PL45116022020000000478251704,PGNiG,,D,515.72,Utilities,
2024-11-29,KFC,PL45116022020000000478251704,KFC,,D,171.89,Dining,
2024-12-02,Real Estate Bemowo,PL45116022020000000478251704,Real Estate Bemowo,,D,3500.0,Rent,
2024-07-28,Empik,PL45116022020000000478251704,Empik,,D,476.37,Entertainment,
2024-10-14,UPC,PL45116022020000000478251704,UPC,,D,570.27,Utilities,
2024-07-02,US Bemowo,PL45116022020000000478251704,US Bemowo,,D,578.71,Tax,
2025-01-06,Netflix,PL45116022020000000478251704,Netflix,,D,278.36,Entertainment,
2024-12-23,Netflix,PL45116022020000000478251704,Netflix,,D,192.04,Entertainment,
2024-12-31,Euronet ATM,PL45116022020000000478251704,Euronet ATM,,D,200.0,ATM Withdrawl,
2024-10-11,Real Estate Bemowo,PL45116022020000000478251704,Real Estate Bemowo,,D,3500.0,Rent,
2025-05-02,Company XYZ Salary,PL45116022020000000478251704,Company XYZ Salary,,C,5772.55,Salary,
2025-04-16,KFC,PL45116022020000000478251704,KFC,,D,178.38,Dining,
2024-12-31,Warta,PL45116022020000000478251704,Warta,,D,546.96,Insurance,
2024-08-14,PKO BP ATM,PL45116022020000000478251704,PKO BP ATM,,D,300.0,ATM Withdrawl,
2024-08-13,McDonald's,PL45116022020000000478251704,McDonald's,,D,59.12,Dining,
2025-05-30,PKO BP ATM,PL45116022020000000478251704,PKO BP ATM,,D,300.0,ATM Withdrawl,
2024-07-12,Real Estate Bemowo,PL45116022020000000478251704,Real Estate Bemowo,,D,3500.0,Rent,
2024-07-01,Netia,PL45116022020000000478251704,Netia,,D,423.68,Utilities,
2024-07-07,Company XYZ Salary,PL45116022020000000478251704,Company XYZ Salary,,C,8546.19,Salary,
2025-05-08,PKO BP Branch,PL45116022020000000478251704,PKO BP Branch,,C,1197.16,Cash Deposit,
2025-05-20,Real Estate Bemowo,PL45116022020000000478251704,Real Estate Bemowo,,D,3500.0,Rent,
2024-07-09,Netia,PL45116022020000000478251704,Netia,,D,245.46,Utilities,
2024-07-30,Pizza Hut,PL45116022020000000478251704,Pizza Hut,,D,387.34,Dining,
2024-10-31,Allegro.pl,PL45116022020000000478251704,Allegro.pl,,D,203.57,Entertainment,
2024-11-08,Netia,PL45116022020000000478251704,Netia,,D,570.03,Utilities,
2024-09-29,Euronet ATM,PL45116022020000000478251704,Euronet ATM,,D,500.0,ATM Withdrawl,
2024-11-04,Uber,PL45116022020000000478251704,Uber,,D,197.01,Transport,
2024-11-20,McDonald's,PL45116022020000000478251704,McDonald's,,D,268.85,Dining,
2025-02-06,Company XYZ Salary,PL45116022020000000478251704,Company XYZ Salary,,C,15112.75,Salary,
2025-05-08,PKO BP ATM,PL45116022020000000478251704,PKO BP ATM,,D,300.0,ATM Withdrawl,
2025-02-05,Euronet ATM,PL45116022020000000478251704,Euronet ATM,,D,500.0,ATM Withdrawl,
2025-01-05,Compensa,PL45116022020000000478251704,Compensa,,D,516.28,Insurance,
2024-11-18,KFC,PL45116022020000000478251704,KFC,,D,261.86,Dining,
2024-10-25,Pizza Hut,PL45116022020000000478251704,Pizza Hut,,D,470.74,Dining,
2025-04-15,PGNiG,PL45116022020000000478251704,PGNiG,,D,202.03,Utilities,
2025-05-24,PKP Intercity,PL45116022020000000478251704,PKP Intercity,,D,327.21,Transport,
2024-12-01,ZUS,PL45116022020000000478251704,ZUS,,D,534.79,Tax,
2024-08-10,Real Estate Bemowo,PL45116022020000000478251704,Real Estate Bemowo,,D,3500.0,Rent,
2025-02-18,PKP Intercity,PL45116022020000000478251704,PKP Intercity,,D,538.46,Transport,
2024-07-16,Netflix,PL45116022020000000478251704,Netflix,,D,492.47,Entertainment,
2024-08-22,Real Estate Bemowo,PL45116022020000000478251704,Real Estate Bemowo,,D,3500.0,Rent,
2024-12-18,Real Estate Bemowo,PL45116022020000000478251704,Real Estate Bemowo,,D,3500.0,Rent,
2024-10-24,Biedronka,PL45116022020000000478251704,Biedronka,,D,40.11,Groceries,
2024-07-13,Company XYZ Salary,PL45116022020000000478251704,Company XYZ Salary,,C,14499.85,Salary,
2025-03-29,Spotify,PL45116022020000000478251704,Spotify,,D,212.37,Entertainment,
2025-01-19,Żabka,PL45116022020000000478251704,Żabka,,D,318.61,Groceries,
2024-08-04,Company XYZ Salary,PL45116022020000000478251704,Company XYZ Salary,,C,8521.88,Salary,
2024-08-22,Żabka,PL45116022020000000478251704,Żabka,,D,291.47,Groceries,
2025-02-19,Real Estate Bemowo,PL45116022020000000478251704,Real Estate Bemowo,,D,3500.0,Rent,
2025-01-08,Company XYZ Salary,PL45116022020000000478251704,Company XYZ Salary,,C,9228.7,Salary,
2024-08-08,Bolt,PL45116022020000000478251704,Bolt,,D,204.11,Transport,
2024-08-08,Biedronka,PL45116022020000000478251704,Biedronka,,D,342.52,Groceries,
2025-02-13,Lidl,PL45116022020000000478251704,Lidl,,D,131.35,Groceries,
2025-03-03,Real Estate Bemowo,PL45116022020000000478251704,Real Estate Bemowo,,D,3500.0,Rent,
2025-06-18,PKO BP Branch,PL45116022020000000478251704,PKO BP Branch,,C,1289.85,Cash Deposit,
2025-04-28,KFC,PL45116022020000000478251704,KFC,,D,358.59,Dining,
2025-03-11,Bolt,PL45116022020000000478251704,Bolt,,D,542.28,Transport,
2025-05-25,PGNiG,PL45116022020000000478251704,PGNiG,,D,524.75,Utilities,
2025-02-13,Lidl,PL45116022020000000478251704,Lidl,,D,582.43,Groceries,
2024-11-12,US Bemowo,PL45116022020000000478251704,US Bemowo,,D,149.3,Tax,
2024-10-29,ING Branch,PL45116022020000000478251704,ING Branch,,C,599.13,Cash Deposit,
2025-03-16,Real Estate Bemowo,PL45116022020000000478251704,Real Estate Bemowo,,D,3500.0,Rent,
2024-08-15,Biedronka,PL45116022020000000478251704,Biedronka,,D,330.74,Groceries,
2025-02-10,Company XYZ Salary,PL45116022020000000478251704,Company XYZ Salary,,C,6531.43,Salary,
2024-09-06,Pizza Hut,PL45116022020000000478251704,Pizza Hut,,D,580.59,Dining,
2025-02-07,Company XYZ Salary,PL45116022020000000478251704,Company XYZ Salary,,C,13983.21,Salary,
2025-03-21,Company XYZ Salary,PL45116022020000000478251704,Company XYZ Salary,,C,15353.74,Salary,
2025-05-01,Company XYZ Salary,PL45116022020000000478251704,Company XYZ Salary,,C,12725.95,Salary,
2024-07-31,Company XYZ Salary,PL45116022020000000478251704,Company XYZ Salary,,C,11365.39,Salary,
2025-04-30,PKO BP Branch,PL45116022020000000478251704,PKO BP Branch,,C,1920.68,Cash Deposit,
2025-02-12,PZU,PL45116022020000000478251704,PZU,,D,251.6,Insurance,
2025-05-23,McDonald's,PL45116022020000000478251704,McDonald's,,D,33.91,Dining,
2025-06-07,UPC,PL45116022020000000478251704,UPC,,D,383.5,Utilities,
2024-09-19,Biedronka,PL45116022020000000478251704,Biedronka,,D,593.35,Groceries,
2025-02-19,McDonald's,PL45116022020000000478251704,McDonald's,,D,146.06,Dining,
2024-08-30,Company XYZ Salary,PL45116022020000000478251704,Company XYZ Salary,,C,5093.23,Salary,
2024-09-23,US Bemowo,PL45116022020000000478251704,US Bemowo,,D,343.23,Tax,
2024-11-24,McDonald's,PL45116022020000000478251704,McDonald's,,D,408.32,Dining,
2025-05-14,Allegro.pl,PL45116022020000000478251704,Allegro.pl,,D,465.07,Entertainment,
2025-05-03,Company XYZ Salary,PL45116022020000000478251704,Company XYZ Salary,,C,6321.41,Salary,
2025-01-30,Spotify,PL45116022020000000478251704,Spotify,,D,59.4,Entertainment,
2025-04-22,Real Estate Bemowo,PL45116022020000000478251704,Real Estate Bemowo,,D,3500.0,Rent,
2025-04-22,PKO BP ATM,PL45116022020000000478251704,PKO BP ATM,,D,300.0,ATM Withdrawl,
2024-10-05,Uber,PL45116022020000000478251704,Uber,,D,162.66,Transport,
2024-11-19,Company XYZ Salary,PL45116022020000000478251704,Company XYZ Salary,,C,13517.22,Salary,
2025-02-18,Spotify,PL45116022020000000478251704,Spotify,,D,195.55,Entertainment,
2024-09-06,PKP Intercity,PL45116022020000000478251704,PKP Intercity,,D,293.12,Transport,
2025-06-19,Warta,PL45116022020000000478251704,Warta,,D,590.48,Insurance,
2024-07-19,ING Branch,PL45116022020000000478251704,ING Branch,,C,2955.58,Cash Deposit,
2025-02-05,Empik,PL45116022020000000478251704,Empik,,D,529.74,Entertainment,
2025-05-16,Netia,PL45116022020000000478251704,Netia,,D,235.37,Utilities,
2025-03-25,PKP Intercity,PL45116022020000000478251704,PKP Intercity,,D,536.46,Transport,
2025-02-12,Company XYZ Salary,PL45116022020000000478251704,Company XYZ Salary,,C,11598.25,Salary,
2024-07-07,Company XYZ Salary,PL45116022020000000478251704,Company XYZ Salary,,C,15306.64,Salary,
2025-02-26,KFC,PL45116022020000000478251704,KFC,,D,564.5,Dining,
2024-11-21,Biedronka,PL45116022020000000478251704,Biedronka,,D,151.19,Groceries,
2025-04-09,Real Estate Bemowo,PL45116022020000000478251704,Real Estate Bemowo,,D,3500.0,Rent,
2024-10-25,Company XYZ Salary,PL45116022020000000478251704,Company XYZ Salary,,C,8153.74,Salary,
